Landscape;Point;Trap_num;Year;Month;Day;Muncipality;Lat;Long;Alt;Ateuchus.volxemi;Ateuchus.carbonarius;Canthidium.sp;Chalcocopris.hesperus;Canthon.ibarragrassoi;Canthon.aff.angularis;Canthon.virens.chalybaeus;Canthon.histrio;Canthon.aff.luctuosus;Canthon.podagricus;Canthon.aff.semiopacus;Coprophanaeus.bellicosus;Coprophanaeus.cerberus;Coprophanaeus.saphirinus;Deltochilum.Deltohyboma.sp.;Deltochilum.brasiliense;Deltochilum.dentipes;Deltochilum.furcatum;Deltochilum.morbillosum;Deltochilum.rubripenne;Dichotomius.sp1;Dichotomius.sp2;Dichotomius.sp3;Dichotomius.sp4;Dichotomius.sp5;Dichotomius.assifer;Dichotomius.bos;Dichotomius.aff.carbonarius.sp1;Dichotomius.depressicollis;Dichotomius.fissus;Dichotomius.mormon;Dichotomius.quadrinodosus;Dichotomius.aff.carbonarius.sp2;Eurysternus.cyanescens;Eurysternus.francinae;Eurysternus.hirtellus;Eurysternus.inflexus;Eurysternus.parallelus;Ontherus.sulcator;Onthophagus.sp1;Onthophagus.sp2;Onthophagus.sp3;Onthophagus.sp4;Paracanthon.rosinae;Paracanthon.monteiroorum;Pseudocanthon.xanthurus;Phanaeus.dejeani;Phanaeus.splendidulus;Scybalocanthon.nigriceps;Sylvicanthon.foveiventris;Trichillum.sp.;Uroxys.sp1;Uroxys.sp2;Uroxys.sp3;Uroxys.sp4;Uroxys.aff.brevis
148;5;1;2015;1;14;Nazaré Paulista;-23.248175;-46.356659;860;0;0;0;0;0;0;0;0;0;0;0;0;0;0;0;0;0;0;0;0;0;0;0;0;0;0;0;1;0;0;1;0;0;0;0;0;0;2;0;0;0;0;0;0;0;0;0;0;0;0;0;0;0;0;0;0
148;5;4;2015;1;14;Nazaré Paulista;-23.248201;-46.356952;864;0;0;0;0;0;0;0;0;0;0;0;0;0;0;0;0;0;0;0;0;0;0;0;0;0;0;0;0;0;0;0;0;0;0;0;0;0;1;0;0;0;0;0;0;0;0;0;0;0;0;0;0;0;0;0;0
148;5;7;2015;1;14;Nazaré Paulista;-23.24834;-46.357016;869;0;0;1;0;0;0;0;0;0;0;0;0;0;0;0;0;0;0;0;0;0;0;0;0;0;0;0;0;0;0;0;1;0;0;0;0;0;0;0;0;0;0;0;0;0;0;0;0;0;0;0;0;0;0;0;0
148;5;10;2015;1;14;Nazaré Paulista;-23.248594;-46.357129;870;0;0;0;0;0;0;0;0;0;0;0;0;0;0;0;0;0;0;0;0;0;0;0;0;0;1;0;0;0;0;0;0;0;0;0;0;0;0;0;0;0;0;0;0;0;0;0;0;0;0;0;0;0;0;0;0
148;10;1;2015;1;14;Nazaré Paulista;-23.234571;-46.340844;na;0;0;0;0;0;0;0;0;0;0;0;0;0;0;0;0;0;0;0;0;0;0;0;0;0;0;0;0;0;0;0;0;0;0;0;0;0;0;0;0;0;0;0;0;0;0;0;0;0;0;0;0;0;0;0;0
148;10;4;2015;1;14;Nazaré Paulista;-23.234571;-46.340844;na;0;0;0;0;0;0;0;0;0;0;0;0;0;0;0;0;0;0;0;0;0;0;0;0;0;0;0;0;0;0;0;0;0;0;0;0;0;0;0;0;0;0;0;0;0;0;0;0;0;0;0;0;0;0;0;0
148;10;7;2015;1;14;Nazaré Paulista;-23.234571;-46.340844;na;0;0;5;0;0;0;0;0;0;0;0;0;0;0;0;1;0;0;0;0;0;0;0;0;0;0;0;0;0;0;0;0;0;0;0;0;0;0;0;0;0;0;0;0;0;0;0;0;0;0;0;0;0;0;0;0
148;10;10;2015;1;14;Nazaré Paulista;-23.234571;-46.340844;na;0;0;1;0;0;0;0;0;0;0;0;0;0;0;0;0;0;0;0;0;0;0;0;0;0;0;0;0;0;0;0;0;0;0;0;0;0;0;0;0;0;0;0;0;0;0;0;0;0;0;0;0;0;0;0;0
148;11;1;2015;1;14;Nazaré Paulista;-23.238772;-46.363399;853;0;0;0;0;0;0;0;0;0;0;0;0;0;0;0;0;0;0;0;0;0;0;0;0;0;0;0;0;0;0;0;0;0;0;0;0;0;0;0;0;0;0;0;0;0;0;0;0;0;0;0;0;0;0;0;0
148;11;6;2015;1;14;Nazaré Paulista;-23.238999;-46.363363;846;0;0;0;0;0;0;0;0;0;0;0;0;0;0;0;0;0;0;0;0;0;0;0;0;0;0;0;1;0;0;0;0;0;0;0;0;0;0;0;0;0;0;0;0;0;0;0;0;0;0;0;0;0;0;0;0
148;11;7;2015;1;14;Nazaré Paulista;-23.238892;-46.363272;847;0;0;1;0;0;0;0;0;0;0;0;0;0;0;0;0;0;0;0;0;2;0;0;0;0;1;0;0;0;0;1;0;0;0;0;0;0;0;0;0;0;0;0;0;0;0;0;0;0;0;0;0;0;0;0;0
148;11;10;2015;1;14;Nazaré Paulista;-23.238958;-46.363027;838;0;0;0;0;0;0;0;0;0;0;0;0;0;0;0;0;0;0;0;0;0;0;0;0;0;0;0;0;0;0;0;0;0;0;0;0;0;0;0;0;0;0;0;0;0;0;0;0;0;0;0;0;0;0;0;0
148;13;1;2015;1;14;Nazaré Paulista;-23.226846;-46.347648;990;0;0;0;0;0;0;0;0;0;0;0;0;0;0;0;0;0;0;0;0;0;0;0;0;0;0;0;0;0;0;0;0;0;0;1;0;0;0;0;0;1;0;0;0;0;0;0;0;0;0;0;0;0;0;0;0
148;13;4;2015;1;14;Nazaré Paulista;-23.227112;-46.347481;993;0;0;1;0;0;0;0;0;0;0;0;0;0;0;0;0;0;0;0;1;0;0;0;0;0;0;0;0;0;0;0;1;0;0;0;0;0;0;0;0;1;0;0;0;0;0;0;0;0;0;0;0;0;0;0;0
148;13;7;2015;1;14;Nazaré Paulista;-23.227383;-46.347655;1008;0;0;2;0;0;0;0;0;0;0;0;0;0;0;0;0;0;0;0;0;0;0;0;0;0;0;0;0;0;0;0;0;0;0;0;0;0;0;0;0;1;0;0;0;0;0;0;0;0;0;0;0;0;0;0;0
148;13;10;2015;1;14;Nazaré Paulista;-23.227742;-46.34768;995;0;0;3;0;0;0;0;0;0;0;0;0;0;0;0;0;0;0;0;0;0;0;0;0;0;0;0;0;0;0;0;0;0;0;0;0;0;0;0;0;0;0;1;0;0;0;0;0;0;0;0;0;0;0;0;0
148;17;1;2015;1;14;Nazaré Paulista;-23.251676;-46.349032;1000;0;0;0;0;0;0;0;0;0;0;0;0;0;0;0;0;0;1;0;0;0;0;0;0;0;0;0;0;0;0;0;0;0;0;0;0;0;0;0;0;0;0;0;0;0;0;0;0;0;0;0;0;0;0;0;0
148;17;4;2015;1;14;Nazaré Paulista;-23.251466;-46.349065;1003;0;0;0;0;0;0;0;0;0;0;0;0;1;0;0;0;0;1;0;0;0;0;0;0;0;2;0;0;0;0;0;1;0;0;0;0;0;0;0;0;2;0;0;0;0;0;0;0;0;0;0;0;0;0;0;0
148;17;7;2015;1;14;Nazaré Paulista;-23.251399;-46.34909;994;0;0;1;0;0;0;0;0;0;0;0;0;0;0;0;0;0;0;0;0;0;0;0;0;0;0;0;0;0;0;0;0;0;0;0;0;0;0;0;0;0;0;0;0;0;0;0;0;0;0;0;0;0;0;0;0
148;17;10;2015;1;14;Nazaré Paulista;-23.251346;-46.34889;975;0;0;1;0;0;0;0;0;0;0;0;0;0;0;0;0;0;0;0;0;0;0;0;0;0;0;0;0;0;0;0;0;0;0;0;0;0;0;1;0;2;0;0;0;0;0;0;0;0;0;0;0;0;0;0;0
148;18;1;2015;1;14;Nazaré Paulista;-23.247087;-46.333428;1170;0;0;2;0;0;1;0;0;0;0;0;0;1;0;0;0;0;2;0;0;0;0;0;0;0;0;0;0;0;0;1;0;0;1;1;0;0;0;0;0;4;0;0;0;0;0;0;0;0;0;0;0;0;0;0;0
148;18;4;2015;1;14;Nazaré Paulista;-23.247068;-46.333635;1160;0;0;0;0;0;0;0;0;0;0;0;0;0;0;0;0;0;0;0;0;0;0;0;0;1;0;0;0;0;0;0;0;0;0;0;0;0;1;0;0;1;0;0;0;0;0;0;0;0;0;0;0;0;0;0;0
148;18;7;2015;1;14;Nazaré Paulista;-23.247161;-46.333802;1174;0;0;1;0;0;0;0;0;0;0;0;0;0;0;0;0;0;0;0;4;0;0;0;0;0;0;0;0;0;0;0;0;0;1;0;0;0;0;0;0;0;0;0;0;0;0;0;0;0;0;0;0;0;0;0;0
148;18;10;2015;1;14;Nazaré Paulista;-23.246999;-46.334083;1152;0;0;0;0;0;3;0;0;0;0;0;0;0;0;0;0;0;0;0;0;0;0;0;0;0;0;0;0;0;0;0;0;0;5;0;0;0;2;0;0;0;0;0;0;0;0;0;0;0;0;0;0;0;0;0;0
148;19;1;2015;1;14;Nazaré Paulista;-23.243228;-46.334022;1055;0;0;1;0;0;0;0;0;0;0;0;0;0;0;0;0;0;1;0;0;0;0;0;0;0;0;0;0;0;0;0;0;0;1;0;0;0;0;0;0;0;0;0;0;0;0;0;0;0;0;0;0;0;0;0;0
148;19;4;2015;1;14;Nazaré Paulista;-23.243188;-46.334299;1048;0;0;0;0;0;0;0;0;0;0;0;0;0;0;0;0;0;1;0;0;0;0;0;0;0;0;0;0;0;0;0;0;0;0;0;0;0;0;0;0;2;0;0;0;0;0;0;0;0;0;0;0;0;0;0;0
148;19;7;2015;1;14;Nazaré Paulista;-23.243032;-46.334489;1044;0;0;1;1;0;1;0;0;0;0;0;0;0;0;0;0;0;0;0;0;0;0;0;0;0;0;0;0;0;0;0;0;0;0;0;0;0;0;0;0;0;0;0;0;0;0;0;0;0;0;0;0;0;0;0;0
148;19;10;2015;1;14;Nazaré Paulista;-23.242949;-46.334734;1033;0;2;0;1;0;1;0;0;0;0;0;0;0;0;0;0;0;0;0;0;0;0;0;0;0;1;0;0;0;0;0;0;0;3;0;0;0;1;0;0;2;0;0;0;0;0;0;0;0;0;0;0;0;0;0;0
148;20;1;2015;1;14;Nazaré Paulista;-23.249185;-46.339343;1093;0;0;0;0;0;0;0;0;0;0;0;0;0;0;0;0;0;0;0;0;0;0;0;0;0;0;0;0;0;0;0;0;0;0;0;0;0;0;0;0;0;0;0;0;0;0;0;0;0;0;0;0;0;0;0;0
148;20;4;2015;1;14;Nazaré Paulista;-23.248993;-46.339193;1086;0;0;0;0;0;0;0;0;0;0;0;0;0;0;0;0;0;0;0;0;0;0;0;0;0;0;0;0;0;0;0;0;0;0;0;0;0;0;0;0;0;0;0;0;0;0;0;0;0;0;0;0;0;0;0;0
148;20;7;2015;1;14;Nazaré Paulista;-23.24877;-46.339077;1077;0;0;5;0;0;0;0;0;0;0;0;0;0;0;0;1;0;0;0;0;0;0;0;0;0;0;0;0;0;0;0;0;0;0;0;0;0;0;0;0;0;0;0;0;0;0;0;0;0;0;0;0;0;0;0;0
148;20;10;2015;1;14;Nazaré Paulista;-23.248547;-46.338908;1078;0;0;1;0;0;0;0;0;0;0;0;0;0;0;0;0;0;0;0;0;0;0;0;0;0;0;0;0;0;0;0;0;0;0;0;0;0;0;0;0;0;0;0;0;0;0;0;0;0;0;0;0;0;0;0;0
215;1;1;2015;1;9;Nazaré Paulista;-23.132299;-46.409155;858;0;0;1;0;2;0;0;0;0;0;0;0;0;0;0;0;0;0;0;0;0;0;0;0;0;0;0;0;0;0;0;0;0;0;0;0;0;0;0;1;1;0;0;0;0;0;0;1;0;0;0;0;0;0;0;0
215;1;4;2015;1;9;Nazaré Paulista;-23.132164;-46.409228;871;0;0;0;0;1;0;0;0;0;0;0;0;0;0;0;0;0;0;0;0;0;0;0;0;0;0;0;0;0;0;1;0;0;0;0;0;0;1;0;0;0;0;0;0;0;0;0;0;0;0;0;0;0;0;0;0
215;1;7;2015;1;9;Nazaré Paulista;-23.132246;-46.409456;860;0;0;1;0;0;0;0;0;0;0;0;0;0;0;0;0;0;0;0;0;0;0;0;0;0;0;0;0;0;0;0;0;0;0;0;0;0;2;0;2;0;0;0;0;0;0;0;0;1;0;0;0;0;0;0;0
215;1;10;2015;1;9;Nazaré Paulista;-23.132377;-46.409654;866;0;0;0;0;0;0;0;0;0;0;0;0;0;0;0;0;0;0;0;0;0;0;0;0;0;0;0;0;0;0;0;0;0;0;0;0;0;0;0;1;0;0;0;0;0;0;0;0;0;0;0;0;0;0;0;0
215;2;1;2015;1;9;Bom Jesus dos Perdões;-23.150793;-46.436504;na;0;0;2;0;0;0;0;0;0;0;1;0;0;0;0;0;0;0;0;1;0;0;0;0;0;0;0;0;0;0;0;0;0;1;1;0;0;1;0;15;0;0;0;1;0;0;0;0;2;0;0;0;0;0;0;0
215;2;4;2015;1;9;Bom Jesus dos Perdões;-23.150267;-46.433613;845;0;0;0;0;4;0;0;0;0;0;2;0;0;0;0;0;0;0;0;1;0;0;0;0;0;0;0;0;0;0;0;1;0;0;1;0;0;8;0;22;0;0;0;0;0;0;0;1;0;0;0;0;0;0;0;0
215;2;7;2015;1;9;Bom Jesus dos Perdões;-23.150397;-46.433616;851;1;0;2;0;3;0;0;0;0;0;2;0;0;0;0;0;0;0;0;0;0;0;0;0;0;1;1;0;0;0;0;0;0;0;0;0;0;2;0;8;0;0;0;0;0;0;0;0;2;1;0;0;0;0;0;0
215;2;10;2015;1;9;Bom Jesus dos Perdões;-23.150401;-46.433918;867;0;0;3;0;0;0;0;0;0;0;0;0;0;0;0;0;0;0;0;0;0;0;0;0;0;0;0;0;0;0;1;0;0;0;0;0;1;1;0;10;0;0;0;0;0;0;0;1;2;0;0;0;0;0;0;0
215;4;1;2015;1;9;Nazaré Paulista;-23.126451;-46.41507;900;1;0;0;0;0;0;0;0;0;0;0;0;0;0;0;0;0;0;0;0;0;0;0;0;0;0;0;0;0;0;0;0;0;0;0;0;0;0;0;0;0;0;0;0;0;0;0;0;0;0;0;0;0;0;0;0
215;4;4;2015;1;9;Nazaré Paulista;-23.126223;-46.414958;899;1;0;0;0;0;0;0;0;0;0;0;0;0;0;0;0;0;0;0;0;0;1;0;0;0;1;0;0;0;0;0;0;0;0;0;0;0;0;0;0;0;0;0;0;0;0;0;0;0;0;0;0;0;0;0;0
215;4;7;2015;1;9;Nazaré Paulista;-23.126041;-46.414956;891;0;0;0;0;0;0;0;0;0;0;0;0;0;0;0;0;0;0;0;1;0;0;0;0;0;0;0;0;0;0;0;0;0;0;0;0;0;0;0;0;0;0;0;0;0;0;0;0;0;0;1;0;0;0;0;0
215;4;10;2015;1;9;Nazaré Paulista;-23.126031;-46.414727;888;0;0;0;0;1;0;0;0;0;0;0;0;0;0;0;0;0;0;0;1;0;0;0;0;0;0;0;0;0;0;0;0;0;0;0;0;0;0;0;0;0;0;0;0;0;0;0;0;0;0;0;0;0;0;0;0
215;8;1;2015;1;na;Bom Jesus dos Perdões;-23.148238;-46.432276;955;1;0;0;0;0;0;0;0;0;0;0;0;0;0;0;0;0;0;0;0;0;0;0;0;0;0;0;0;0;0;0;0;0;0;0;0;0;0;0;0;0;0;0;0;0;0;0;0;0;0;0;0;0;0;0;0
215;8;4;2015;1;na;Bom Jesus dos Perdões;-23.147937;-46.432315;961;1;0;0;0;0;0;0;0;0;0;0;0;0;1;0;0;0;0;0;4;0;0;0;0;0;1;0;0;0;0;0;0;0;0;0;0;0;0;0;1;0;0;0;0;0;0;0;0;0;0;0;0;0;0;0;0
215;8;7;2015;1;na;Bom Jesus dos Perdões;-23.1477;-46.432432;955;1;0;0;0;0;0;0;0;0;0;1;0;0;0;0;0;0;0;0;1;0;0;0;0;0;2;0;0;0;0;0;3;0;0;0;0;0;0;0;8;0;0;0;0;0;0;0;0;0;0;0;0;0;0;0;0
215;8;10;2015;1;na;Bom Jesus dos Perdões;-23.147543;-46.432703;948;1;0;0;0;0;0;0;0;0;0;0;0;0;0;0;0;0;0;0;1;0;1;0;0;0;2;0;0;0;0;0;0;0;0;1;0;0;0;0;4;0;0;0;0;0;0;0;0;0;0;0;0;0;0;0;0
215;30;1;2015;1;na;Bom Jesus dos Perdões;-23.12666;-46.423936;834;0;0;0;0;0;0;0;0;0;0;0;0;0;0;0;0;0;0;0;0;0;0;0;0;0;0;0;0;0;0;0;0;0;0;0;0;0;0;0;0;0;0;0;0;0;0;0;0;0;0;0;0;0;0;0;0
215;30;4;2015;1;na;Bom Jesus dos Perdões;-23.126941;-46.424085;822;0;0;0;0;0;0;0;0;0;0;0;0;0;0;0;0;0;0;0;0;0;0;0;0;0;0;0;0;0;0;0;0;0;0;0;0;0;0;0;0;0;0;0;0;0;0;0;0;0;0;0;0;0;0;0;0
215;30;7;2015;1;na;Bom Jesus dos Perdões;-23.127071;-46.424177;816;1;0;0;0;0;0;0;0;0;0;0;0;0;0;0;0;0;0;0;0;0;0;0;0;0;2;0;0;0;0;0;0;0;0;0;0;0;0;0;0;0;0;0;0;0;0;0;0;0;0;0;0;0;0;0;0
215;30;10;2015;1;na;Bom Jesus dos Perdões;-23.12732;-46.424296;800;0;0;0;0;0;0;0;0;0;0;0;0;0;0;0;0;0;0;0;0;0;0;0;0;0;2;0;0;0;0;0;0;0;0;0;0;0;0;0;0;0;0;0;0;0;0;0;0;0;0;0;0;0;0;0;0
215;35;1;2015;1;na;Bom Jesus dos Perdões;-23.122959;-46.423865;901;0;0;0;0;0;0;0;0;0;0;0;0;0;0;0;0;0;0;1;0;0;0;0;0;0;0;0;0;0;0;0;0;0;0;0;0;0;0;0;1;0;0;0;0;0;0;0;0;0;0;0;0;0;0;0;0
215;35;4;2015;1;na;Bom Jesus dos Perdões;-23.122584;-46.423946;885;1;0;0;0;0;0;0;0;0;0;0;0;0;0;0;0;0;0;0;0;2;0;0;0;0;1;0;0;0;1;0;0;0;0;0;0;1;0;0;0;0;0;0;0;1;0;0;0;0;0;0;0;0;0;0;0
215;35;7;2015;1;na;Bom Jesus dos Perdões;-23.122426;-46.423771;895;0;0;1;0;0;0;0;0;0;0;0;0;0;0;0;0;0;0;1;0;0;0;0;0;0;0;0;0;0;0;0;0;0;0;0;0;0;0;0;1;0;0;0;0;0;0;0;0;0;0;0;0;0;0;0;0
215;35;10;2015;1;na;Bom Jesus dos Perdões;-23.122142;-46.423634;903;0;0;0;0;0;0;0;0;0;0;0;0;0;0;0;0;0;0;0;0;0;0;0;0;0;0;0;0;0;0;0;0;0;0;0;0;0;0;0;0;0;0;0;0;0;0;0;0;0;0;0;0;0;0;0;0
215;36;1;2015;1;na;Bom Jesus dos Perdões;-23.12503;-46.426221;828;1;0;1;0;1;0;0;0;1;0;0;0;0;1;0;0;0;0;0;0;0;0;0;0;0;0;0;0;0;0;0;0;0;0;0;0;0;1;0;1;0;0;0;0;0;0;0;0;0;0;0;0;0;0;0;0
215;36;4;2015;1;na;Bom Jesus dos Perdões;-23.124754;-46.425922;843;0;0;1;0;0;0;0;0;0;0;0;0;0;0;0;0;0;0;0;0;0;0;0;0;0;1;0;0;0;0;0;0;0;0;0;0;0;2;0;5;0;0;0;0;0;0;0;0;0;0;0;0;0;0;0;0
215;36;7;2015;1;na;Bom Jesus dos Perdões;-23.124731;-46.426173;841;0;0;1;0;0;0;0;0;0;0;0;0;0;0;0;0;0;0;0;0;0;0;0;0;0;0;0;0;0;0;0;0;0;0;0;0;0;0;0;4;0;0;0;0;0;0;0;0;0;0;0;0;0;0;0;0
215;36;10;2015;1;na;Bom Jesus dos Perdões;-23.124483;-46.426267;847;0;0;1;0;0;0;0;0;0;0;0;0;0;0;0;0;0;0;0;0;0;0;0;0;0;0;0;0;0;0;0;0;0;0;0;0;0;5;0;2;0;0;0;0;0;0;0;0;0;0;0;0;0;0;0;0
215;38;1;2015;1;9;Nazaré Paulista;-23.126115;-46.407612;820;0;0;0;0;0;0;0;0;0;0;0;0;0;0;0;0;0;0;0;0;0;0;0;0;0;0;0;0;0;0;0;0;0;0;0;0;0;0;0;2;0;0;0;0;0;0;0;0;0;0;0;0;0;0;0;0
215;38;4;2015;1;9;Nazaré Paulista;-23.126351;-46.407389;846;0;0;0;0;0;0;0;0;0;0;0;0;0;0;0;0;0;0;0;0;0;0;0;0;0;0;0;0;0;0;0;0;0;0;0;0;0;0;0;6;0;0;0;0;0;0;0;0;0;0;0;0;0;0;0;0
215;38;7;2015;1;9;Nazaré Paulista;-23.126521;-46.407312;839;0;0;0;0;0;0;0;0;0;0;0;0;0;0;0;0;0;0;0;0;0;0;0;0;0;0;0;0;0;0;0;0;0;0;0;0;0;0;0;3;0;0;0;0;0;0;0;0;1;0;0;0;0;0;0;0
215;38;10;2015;1;9;Nazaré Paulista;-23.126691;-46.407118;840;0;0;0;0;0;0;0;0;0;0;0;0;0;0;0;0;0;0;0;0;0;0;0;0;0;0;0;0;0;0;0;0;0;0;0;0;0;0;0;2;0;0;0;0;0;0;0;0;0;0;0;0;0;0;0;0
263;0;1;2014;12;13;Piracaia;-23.076619;-46.348211;857;1;0;7;1;9;0;0;0;0;0;0;0;0;0;0;0;0;0;0;0;0;0;0;0;0;1;0;2;0;0;3;0;0;1;0;0;4;5;0;21;0;0;0;0;0;0;0;0;10;0;0;0;0;1;0;0
263;0;4;2014;12;13;Piracaia;-23.076548;-46.348126;886;2;0;0;0;5;0;0;0;0;0;0;0;0;0;0;0;0;0;0;0;0;0;0;0;0;1;0;0;0;0;0;0;0;1;0;0;0;2;0;2;0;0;0;1;0;0;0;0;1;0;0;0;0;0;0;0
263;0;7;2014;12;13;Piracaia;-23.07647;-46.348421;885;0;0;4;0;4;0;0;0;1;0;0;0;0;0;0;0;0;0;0;0;0;0;0;0;0;0;0;0;0;0;3;0;1;0;0;0;2;7;0;5;0;0;0;0;0;0;0;0;2;0;0;0;0;1;0;0
263;0;10;2014;12;13;Piracaia;-23.076449;-46.348747;877;0;0;7;1;7;0;0;0;0;0;0;0;0;0;0;0;0;0;0;0;0;0;0;0;0;0;0;0;0;0;0;0;0;0;0;0;2;6;0;4;0;0;0;0;0;0;0;0;3;0;0;0;0;0;0;0
263;1;1;2015;1;30;Piracaia;-23.049446;-46.321413;857;0;0;1;0;0;0;0;0;0;0;0;0;0;0;0;0;0;0;0;0;0;0;0;0;0;0;0;0;0;0;0;0;0;1;0;0;0;0;0;4;0;0;0;0;0;0;0;0;0;0;0;0;0;0;0;0
263;1;4;2015;1;30;Piracaia;-23.04937;-46.321615;869;3;0;0;1;15;1;0;0;0;0;0;0;0;0;0;0;0;0;0;0;0;0;0;0;0;0;0;0;0;0;0;0;0;0;0;0;0;2;0;4;0;0;0;0;0;0;0;0;0;0;0;0;0;0;0;0
263;1;7;2015;1;30;Piracaia;-23.049152;-46.321704;869;2;0;4;1;3;0;0;0;0;0;0;0;0;0;0;0;0;0;1;0;0;0;0;0;0;1;0;0;0;0;0;0;0;1;0;0;0;3;0;6;0;0;0;0;0;0;0;0;0;0;0;0;0;0;0;0
263;1;10;2015;1;30;Piracaia;-23.049154;-46.321535;874;0;0;0;0;1;3;0;0;0;0;0;0;0;0;0;0;0;0;1;0;0;0;0;0;0;0;0;0;0;0;0;0;0;1;0;0;0;0;0;5;0;0;0;0;0;0;0;0;0;0;0;0;0;0;0;0
263;2;1;2014;12;13;Piracaia;-23.068372;-46.354826;870;0;0;2;1;2;0;0;0;0;0;0;0;0;0;0;0;0;0;0;0;0;0;0;0;0;0;0;1;0;0;4;0;0;0;0;0;2;1;0;2;0;0;0;0;0;0;0;0;0;0;0;0;0;0;0;0
263;2;4;2014;12;13;Piracaia;-23.068409;-46.354585;875;0;0;0;0;0;0;0;0;0;0;0;0;0;0;0;0;0;0;0;0;0;0;0;0;0;0;0;0;0;0;2;0;0;0;0;0;0;4;0;0;0;0;0;0;0;0;0;0;0;0;0;0;0;0;0;0
263;2;7;2014;12;13;Piracaia;-23.068448;-46.354486;872;0;0;0;3;0;0;0;0;0;0;0;0;0;0;0;0;0;0;0;0;0;0;0;0;0;0;0;0;0;0;1;0;1;0;0;0;0;0;0;0;0;0;0;0;0;0;0;0;0;0;0;0;0;0;0;0
263;2;10;2014;12;13;Piracaia;-23.06852;-46.354652;867;0;0;0;0;1;0;0;0;0;0;0;0;0;0;0;0;0;0;0;0;0;0;0;0;0;0;0;0;0;0;0;0;0;0;1;0;1;1;0;5;0;0;0;0;0;0;0;0;0;0;0;0;0;0;0;0
263;4;1;2014;12;13;Piracaia;-23.042193;-46.327219;866;0;0;1;5;4;13;0;0;0;0;0;0;0;1;0;0;0;0;0;0;0;0;0;0;0;1;0;0;0;0;1;0;0;22;0;0;1;1;0;20;0;0;0;0;0;0;0;0;0;0;0;0;0;0;0;0
263;4;4;2014;12;13;Piracaia;-23.042352;-46.327067;856;0;0;1;1;7;14;0;0;0;0;2;0;0;0;0;0;0;0;0;0;0;0;0;0;0;1;0;0;0;0;0;0;0;8;0;0;2;2;0;17;0;0;0;0;0;0;0;0;0;0;0;0;0;0;0;0
263;4;7;2014;12;13;Piracaia;-23.04245;-46.32694;869;0;0;4;1;0;8;0;0;0;0;0;0;0;0;0;0;0;0;0;0;0;0;0;0;0;1;0;0;0;0;0;0;0;5;0;0;0;0;0;18;0;0;0;0;0;0;0;0;0;0;0;0;0;0;0;0
263;4;10;2014;12;13;Piracaia;-23.042548;-46.326677;849;0;0;0;0;1;29;0;0;0;0;1;0;0;1;0;0;0;0;0;0;0;0;0;0;0;0;0;0;0;0;0;0;0;0;0;0;0;2;0;19;0;0;0;0;0;0;0;0;0;0;0;0;0;0;0;0
263;5;1;2014;12;13;Piracaia;-23.067211;-46.329729;854;0;0;0;2;0;0;0;0;0;0;1;0;0;0;0;0;0;0;0;0;0;0;2;0;0;0;0;0;0;0;2;0;0;2;0;0;1;2;0;16;0;0;0;0;0;0;0;0;0;0;0;0;0;0;0;0
263;5;4;2014;12;13;Piracaia;-23.067026;-46.329562;848;0;0;0;0;0;0;0;0;0;0;0;0;0;0;0;1;0;0;0;0;0;0;0;0;0;0;0;0;0;0;1;0;0;2;0;0;1;0;0;5;0;0;0;0;0;0;0;1;0;0;0;0;0;0;0;0
263;5;7;2014;12;13;Piracaia;-23.06683;-46.329463;853;0;0;1;0;1;0;0;0;0;0;0;0;0;0;0;0;0;0;0;0;0;0;0;0;0;0;0;0;0;0;0;1;0;1;0;0;4;1;0;5;0;0;0;0;0;0;0;0;0;0;0;0;0;0;0;0
263;5;10;2014;12;13;Piracaia;-23.066592;-46.32941;848;0;0;1;0;0;0;0;0;0;0;0;0;0;0;0;0;0;0;0;0;0;0;0;0;0;0;0;0;0;0;4;2;0;1;0;0;0;0;0;7;0;0;0;0;0;0;0;0;0;0;0;0;0;0;0;0
263;9;1;2014;12;13;Piracaia;-23.07859;-46.334124;977;3;0;4;0;0;0;0;0;0;0;0;0;0;0;0;0;0;0;2;0;0;1;0;0;0;1;0;0;0;0;0;2;0;2;0;0;3;2;0;3;0;0;0;0;0;1;0;2;0;0;0;0;2;1;0;0
263;9;4;2014;12;13;Piracaia;-23.078307;-46.334219;970;2;0;1;0;3;0;0;0;0;0;0;0;0;0;0;1;0;0;0;0;0;3;0;0;0;2;0;0;0;0;0;0;0;0;0;0;2;2;0;5;0;0;0;0;0;0;0;0;0;0;0;0;0;0;0;0
263;9;7;2014;12;13;Piracaia;-23.078154;-46.334221;970;0;0;0;0;0;0;0;0;0;0;0;0;0;1;0;0;0;0;0;0;0;0;0;0;0;1;0;0;0;0;0;0;2;1;0;0;0;2;0;3;0;0;0;0;0;0;0;0;0;0;0;0;1;0;1;0
263;9;10;2014;12;13;Piracaia;-23.07806;-46.33434;964;0;0;0;0;0;0;0;0;0;0;0;0;0;2;0;0;0;0;1;0;0;0;0;0;0;0;0;0;0;0;0;0;0;1;0;0;0;1;0;0;0;0;0;0;0;0;0;0;0;0;0;0;0;0;0;0
263;10;1;2014;12;13;Piracaia;-23.074624;-46.328697;845;1;0;0;0;0;0;0;0;0;0;0;0;0;0;0;0;0;0;0;0;0;0;0;0;0;0;0;0;0;0;0;0;0;0;0;0;0;0;0;4;0;0;0;0;0;0;0;0;0;0;0;0;0;0;0;0
263;10;4;2014;12;13;Piracaia;-23.074427;-46.328582;858;0;0;1;0;0;0;0;0;0;0;0;0;0;0;0;0;0;0;0;0;0;0;0;0;0;0;0;0;0;0;0;0;0;0;0;0;0;0;0;5;0;0;0;0;0;0;0;0;0;0;0;0;0;0;0;0
263;10;7;2014;12;13;Piracaia;-23.07434;-46.328351;860;0;0;1;0;0;0;0;0;0;0;0;0;0;0;0;0;0;0;0;0;0;0;0;0;0;0;0;0;0;0;0;0;0;0;0;0;0;0;0;0;0;0;0;0;0;0;0;0;0;0;0;0;0;0;0;0
263;10;10;2014;12;13;Piracaia;-23.07434;-46.328139;869;0;0;1;0;0;0;0;0;0;0;0;0;0;0;0;0;0;0;0;0;0;0;0;0;0;0;0;0;0;0;0;0;0;0;0;0;0;1;0;2;0;0;0;0;0;0;0;0;0;0;0;0;0;0;0;0
263;13;1;2015;1;30;Piracaia;-23.046004;-46.323728;873;0;0;0;0;0;0;0;0;0;0;0;0;0;0;0;0;0;0;0;0;0;0;0;0;0;0;0;0;0;0;0;0;0;0;0;0;0;0;0;0;0;0;0;0;0;0;0;0;0;0;0;0;0;0;0;0
263;13;4;2015;1;30;Piracaia;-23.045871;-46.323583;892;0;0;0;0;0;0;0;0;0;0;0;0;0;0;0;0;0;0;0;0;0;0;0;0;0;0;0;0;0;0;0;0;0;0;0;0;0;0;0;0;0;0;0;0;0;0;0;0;0;0;0;0;0;0;0;0
263;13;7;2015;1;30;Piracaia;-23.045932;-46.323275;896;0;0;0;0;0;0;0;0;0;0;0;0;0;0;0;0;0;0;0;0;0;0;0;0;0;0;0;0;0;0;0;0;0;0;0;0;0;0;0;0;0;0;0;0;0;0;0;0;0;0;0;0;0;0;0;0
263;13;10;2015;1;30;Piracaia;-23.045746;-46.323749;894;0;0;0;0;0;0;0;0;0;0;0;0;0;0;0;0;0;0;0;0;0;0;0;0;0;0;0;0;0;0;0;0;0;0;0;0;0;0;0;0;0;0;0;0;0;0;0;0;0;0;0;0;0;0;0;0
266;1;1;2015;1;19;Piracaia;-23.053917;-46.214381;884;0;0;1;0;0;0;0;0;0;0;0;0;0;0;0;0;0;0;0;0;0;0;0;0;1;0;0;0;0;0;0;0;0;0;0;0;0;0;0;0;0;0;0;0;0;0;0;0;0;0;0;0;0;0;0;0
266;1;4;2015;1;19;Piracaia;-23.053895;-46.214215;869;0;0;1;0;0;0;0;0;0;0;0;0;0;0;0;0;0;0;0;0;0;0;0;0;0;0;0;0;0;0;0;0;0;0;0;0;0;0;0;0;0;0;0;0;0;0;0;0;0;0;0;0;0;0;0;0
266;1;7;2015;1;19;Piracaia;-23.05406;-46.214075;873;0;0;2;0;0;0;0;0;0;0;0;0;0;0;0;0;0;0;0;0;0;0;0;0;0;0;0;0;0;0;0;0;0;0;0;0;0;0;1;0;0;0;0;0;0;0;0;0;0;0;0;0;0;0;0;0
266;1;10;2015;1;19;Piracaia;-23.054341;-46.214072;866;0;0;1;0;0;0;0;0;0;0;0;0;0;0;0;0;0;0;0;0;0;0;0;0;0;0;0;0;0;0;0;0;0;0;0;0;0;0;0;0;0;0;0;0;0;0;0;0;0;0;0;0;0;0;0;0
266;2;1;2015;1;20;Piracaia;-23.06836;-46.238147;926;0;0;0;0;0;0;0;0;0;0;0;0;0;0;0;0;0;0;0;0;1;0;0;1;0;0;0;0;0;0;0;0;0;0;0;0;0;0;0;0;0;0;0;0;0;0;0;0;0;0;0;0;0;0;0;0
266;2;4;2015;1;20;Piracaia;-23.068233;-46.238293;926;0;0;1;0;1;0;0;0;0;0;0;0;0;0;0;0;0;0;0;0;0;0;0;0;0;0;0;0;0;0;0;0;0;0;0;0;0;0;0;0;0;0;0;0;0;0;0;0;0;0;0;0;0;0;0;0
266;2;7;2015;1;20;Piracaia;-23.068079;-46.238449;942;0;0;1;0;0;0;0;0;0;0;0;0;0;0;0;0;0;0;0;0;0;0;0;0;0;0;0;0;0;0;0;0;0;0;0;0;0;0;0;0;0;0;0;0;0;0;0;0;0;0;0;0;0;0;0;0
266;2;10;2015;1;20;Piracaia;-23.067846;-46.238614;943;0;0;0;0;0;0;0;0;0;0;0;0;0;0;0;0;0;0;0;0;0;0;0;0;0;1;0;0;0;0;0;0;0;0;0;0;0;1;0;0;1;0;0;0;0;0;0;0;0;0;0;0;0;0;0;0
266;12;1;2015;1;19;Piracaia;-23.060465;-46.223421;874;0;0;0;0;0;0;0;0;0;0;0;0;0;0;0;0;0;0;0;0;0;0;0;0;0;1;0;0;0;0;0;0;0;0;0;0;0;0;0;0;0;0;0;0;0;0;0;0;0;0;0;0;0;0;0;0
266;12;4;2015;1;19;Piracaia;-23.060576;-46.223644;869;0;0;5;0;5;0;0;0;0;0;0;0;0;0;0;0;0;0;0;0;1;0;0;0;0;0;0;0;0;0;0;0;0;0;0;1;0;0;0;0;0;0;0;0;0;0;0;0;0;0;0;0;0;0;0;0
266;12;7;2015;1;19;Piracaia;-23.060627;-46.223859;874;0;0;3;0;0;0;0;0;0;0;0;0;0;0;0;0;0;0;0;0;0;0;0;0;0;0;0;0;0;0;0;0;0;0;0;0;0;0;0;0;0;0;0;0;0;0;0;0;0;0;0;0;0;0;0;0
266;12;10;2015;1;19;Piracaia;-23.060758;-46.224057;881;0;0;8;0;2;0;0;0;0;0;0;0;0;0;0;0;0;0;0;0;0;0;0;0;0;0;0;0;0;0;0;0;0;0;0;1;0;0;0;0;0;0;0;0;0;0;0;0;0;0;0;0;0;0;0;0
266;22;1;2015;1;19;Piracaia;-23.064373;-46.240938;1101;0;0;0;0;0;0;0;0;0;0;0;0;0;0;0;0;0;1;0;0;0;0;0;0;0;0;0;0;0;0;0;0;0;0;0;0;0;0;0;0;0;0;0;0;0;0;0;0;0;0;0;0;0;0;0;0
266;22;4;2015;1;19;Piracaia;-23.06444;-46.240659;1095;0;0;1;0;0;0;0;0;0;0;0;0;0;0;0;0;0;0;0;0;0;0;0;0;0;0;0;0;0;0;0;0;0;1;0;0;0;0;0;0;0;0;0;0;0;0;0;0;0;0;0;0;0;0;0;0
266;22;7;2015;1;19;Piracaia;-23.06453;-46.240475;1090;0;0;0;0;0;0;0;0;0;0;0;0;0;0;0;0;0;0;0;0;0;0;0;0;0;0;0;0;0;0;0;0;0;0;0;0;0;0;0;0;0;0;0;0;0;0;0;0;0;0;0;0;0;0;0;0
266;22;7;2015;1;na;Piracaia;-23.06453;-46.240475;1090;0;0;1;0;0;0;0;0;0;0;0;0;0;0;0;0;0;0;0;0;2;0;0;0;0;0;0;0;0;0;0;0;0;0;0;0;0;0;0;0;0;0;0;0;0;0;0;0;0;0;0;0;0;0;0;0
266;22;10;2015;1;19;Piracaia;-23.064506;-46.24023;1085;0;0;0;0;0;0;0;0;0;0;0;0;1;0;0;0;0;0;0;0;0;0;0;0;0;0;0;0;0;0;1;0;0;0;1;0;0;0;0;0;0;0;0;0;0;0;1;0;0;0;0;0;0;0;0;0
266;23;1;2015;1;20;Piracaia;-23.08061;-46.22125;904;0;0;0;0;0;0;0;0;0;0;0;0;0;0;0;0;0;0;0;0;0;0;0;0;0;0;0;0;0;0;0;0;0;0;0;0;0;0;0;0;0;0;0;0;0;0;0;0;0;0;0;0;0;0;0;0
266;23;4;2015;1;20;Piracaia;-23.080456;-46.221448;897;0;0;0;0;0;0;0;0;0;0;0;0;0;0;0;0;0;0;1;0;0;0;0;0;0;0;0;0;0;0;0;0;0;0;0;0;0;0;0;0;0;0;0;0;0;0;0;0;0;0;0;0;0;0;0;0
266;23;7;2015;1;20;Piracaia;-23.080292;-46.221457;918;0;0;1;0;0;0;0;0;0;0;0;0;0;0;0;0;0;0;0;0;0;0;0;0;0;0;0;0;0;0;0;0;0;0;0;0;0;0;0;0;0;0;0;0;0;0;0;0;0;0;0;0;0;0;0;0
266;23;10;2015;1;20;Piracaia;-23.080138;-46.221696;912;0;0;0;0;0;0;0;0;0;0;0;0;0;0;0;0;0;2;0;0;0;0;0;0;0;1;0;0;0;0;0;0;0;0;0;0;0;0;0;0;0;0;0;0;0;0;0;0;0;0;0;0;0;0;0;0
266;27;1;2015;1;20;Piracaia;-23.077351;-46.23177;860;0;0;0;0;0;0;0;0;0;0;0;0;0;0;0;0;0;0;0;0;0;0;0;0;0;0;0;0;0;0;0;0;0;0;0;0;0;0;0;0;0;0;0;0;0;0;0;0;0;0;0;0;0;0;0;0
266;27;4;2015;1;20;Piracaia;-23.077291;-46.231971;862;0;0;0;0;0;0;0;0;0;0;0;0;0;0;0;0;0;1;0;0;0;0;0;0;0;0;0;0;0;0;0;0;0;0;0;0;0;0;0;1;0;0;0;0;0;0;0;0;0;0;0;0;0;0;0;0
266;27;7;2015;1;20;Piracaia;-23.077075;-46.232078;859;0;0;1;0;1;0;0;0;0;0;0;0;0;0;0;0;0;0;0;0;0;0;0;0;0;0;0;0;0;0;0;0;0;0;0;0;0;0;0;0;0;0;0;0;0;0;0;0;0;0;0;0;0;0;0;0
266;27;10;2015;1;20;Piracaia;-23.076817;-46.232174;844;0;0;0;0;1;0;0;0;0;0;0;0;0;0;0;0;0;0;0;0;0;0;0;0;0;0;0;0;0;0;0;0;0;1;0;0;0;0;0;1;0;0;0;0;0;0;0;0;0;0;0;0;0;0;0;0
266;28;1;2015;1;21;Piracaia;-23.075575;-46.21869;908;0;0;0;0;0;0;0;0;0;0;0;0;0;0;0;0;0;0;0;0;0;0;0;0;0;0;0;0;0;0;0;0;0;0;0;0;0;0;0;0;0;0;0;0;0;0;0;0;0;0;0;0;0;0;0;0
266;28;4;2015;1;21;Piracaia;-23.075635;-46.218547;906;0;0;0;0;0;0;0;0;0;0;0;0;0;0;0;0;0;0;0;0;0;0;0;0;0;0;0;0;0;0;0;0;0;0;0;0;0;0;0;0;0;0;0;0;0;0;0;0;0;0;0;0;0;0;0;0
266;28;7;2015;1;21;Piracaia;-23.075792;-46.218689;906;0;0;0;0;0;0;0;0;0;0;0;0;0;0;0;0;0;0;0;0;0;0;0;0;0;0;0;0;0;0;0;0;0;0;0;0;0;0;0;0;0;0;0;0;0;0;0;0;0;0;0;0;0;0;0;0
266;28;10;2015;1;21;Piracaia;-23.075901;-46.218869;897;0;0;0;0;0;0;0;0;0;0;0;0;0;0;0;0;0;0;0;0;0;0;0;0;0;0;0;0;0;0;0;0;0;0;0;0;0;0;0;0;0;0;0;0;0;0;0;0;0;0;0;0;0;0;0;0
266;40;1;2015;1;20;Piracaia;-23.076633;-46.21082;927;0;0;0;0;0;0;0;0;0;0;0;0;0;0;0;0;0;1;0;0;0;0;0;0;0;0;0;0;0;1;0;0;0;0;0;0;0;0;0;4;0;0;0;0;0;0;0;0;0;0;0;0;0;0;0;0
266;40;4;2015;1;20;Piracaia;-23.076511;-46.210614;918;0;0;0;0;0;0;0;0;0;0;0;0;0;0;0;0;0;2;0;0;0;0;0;0;0;0;0;0;0;0;0;0;0;0;0;0;0;0;0;6;1;0;0;0;0;0;0;0;0;0;0;0;0;0;0;0
266;40;7;2015;1;20;Piracaia;-23.076348;-46.210494;941;0;0;0;0;0;0;0;0;0;0;0;0;0;0;0;0;0;0;0;0;0;0;0;0;0;0;0;0;0;0;0;0;0;0;0;0;0;0;0;2;0;0;0;0;0;0;0;0;0;0;0;0;0;0;0;0
266;40;10;2015;1;20;Piracaia;-23.076117;-46.210332;946;0;0;0;0;1;0;0;0;0;0;0;0;0;0;0;0;0;0;0;0;0;0;0;0;0;0;0;0;0;0;0;0;0;0;0;0;0;0;0;0;0;0;0;0;0;0;0;0;0;0;0;0;0;0;0;0
282;1;1;2014;12;07/set;Atibaia;-23.045867;-46.50805;832;0;0;2;0;0;0;0;0;0;0;0;0;0;0;0;1;0;0;1;0;0;0;0;0;0;13;0;0;0;0;0;0;0;0;0;0;0;3;0;10;0;0;0;0;0;0;0;0;0;0;0;0;0;0;0;0
282;1;3;2014;12;07/set;Atibaia;-23.046038;-46.507989;833;0;0;0;0;0;0;0;0;0;0;0;0;0;0;0;0;0;0;0;0;0;0;0;0;0;27;0;0;0;0;2;0;0;0;0;0;0;4;1;8;0;0;0;0;0;0;0;0;0;0;0;0;0;0;0;0
282;1;7;2014;12;07/set;Atibaia;-23.046404;-46.508134;859;0;0;0;0;1;0;0;0;0;0;0;0;0;0;0;0;0;0;0;0;0;0;0;0;0;0;0;0;0;0;0;1;0;0;0;0;0;0;0;1;0;0;0;0;0;0;0;0;0;0;0;0;0;0;0;0
282;1;9;2014;12;07/set;Atibaia;-23.04624;-46.508035;874;0;0;0;0;0;0;0;0;0;0;1;0;0;0;0;1;0;0;0;0;1;0;0;0;0;13;0;0;0;0;0;1;0;0;0;0;0;1;0;6;0;0;0;0;0;0;0;0;0;0;0;0;0;0;0;0
282;2;1;2015;1;25;Atibaia;-23.033186;-46.497304;832;0;0;0;0;0;0;0;0;0;0;0;0;0;0;0;0;0;0;0;0;1;0;0;0;0;0;0;0;0;0;1;0;0;0;0;0;0;0;2;0;0;0;0;0;0;0;0;0;0;0;0;0;0;0;0;0
282;2;4;2015;1;25;Atibaia;-23.033094;-46.497488;834;0;0;0;0;0;0;0;0;0;0;0;0;0;0;0;0;0;0;0;1;0;0;0;0;0;0;0;0;0;0;0;0;0;0;0;0;0;0;0;1;0;0;0;0;0;0;0;0;0;0;0;0;0;0;0;0
282;2;7;2015;1;25;Atibaia;-23.033002;-46.497728;836;0;0;0;0;0;0;0;0;0;0;0;0;0;0;0;0;0;0;0;0;0;0;0;0;0;0;0;0;0;0;0;0;0;0;0;0;0;0;0;0;0;0;0;0;0;0;0;0;0;0;0;0;0;0;0;0
282;2;10;2015;1;25;Atibaia;-23.033027;-46.497895;838;0;0;0;0;0;0;0;0;0;0;0;0;0;0;0;0;0;0;0;0;1;0;0;0;0;0;0;0;0;0;0;0;0;0;0;0;0;0;1;1;0;0;0;0;0;0;0;1;0;0;0;0;0;0;0;0
282;3;1;2014;12;09/nov;Atibaia;-23.050362;-46.510591;816;0;0;1;0;0;0;0;0;0;0;0;0;0;0;0;1;1;0;0;0;0;0;0;0;0;12;0;0;0;0;2;1;0;1;0;0;0;0;3;5;0;0;0;0;0;0;0;1;0;0;0;0;0;0;0;0
282;3;4;2014;12;09/nov;Atibaia;-23.050267;-46.510861;811;0;0;2;0;0;0;0;0;0;0;0;0;0;0;0;1;1;0;0;0;0;0;0;0;0;6;0;0;0;0;1;1;0;1;0;0;0;0;4;4;0;0;0;0;0;0;0;0;0;0;0;3;0;0;0;0
282;3;7;2014;12;09/nov;Atibaia;-23.050241;-46.51112;804;0;0;0;0;0;0;0;0;0;0;0;0;0;0;0;2;0;0;0;0;0;0;0;0;0;5;0;0;0;0;2;0;0;1;0;0;0;1;1;1;0;0;0;0;0;0;0;0;0;0;0;0;0;0;0;0
282;3;10;2014;12;09/nov;Atibaia;-23.050188;-46.511442;796;1;0;0;0;0;0;0;0;0;0;0;0;0;0;0;0;0;0;0;2;0;0;0;0;0;11;0;0;0;0;1;2;0;1;0;0;0;3;1;23;0;0;0;0;0;0;0;0;0;0;0;0;0;0;0;0
282;4;1;2014;12;09/nov;Atibaia;-23.04563;-46.5113;833;0;0;0;0;0;0;0;0;0;0;0;0;0;0;0;0;0;0;1;0;0;0;0;0;0;2;0;0;0;0;0;0;0;0;0;0;0;1;2;0;0;0;0;0;0;0;0;0;0;0;0;0;0;0;0;0
282;4;4;2014;12;09/nov;Atibaia;-23.045933;-46.511364;828;0;0;1;0;0;0;0;0;0;0;0;0;0;0;0;0;0;0;0;0;0;0;0;0;0;2;0;0;0;0;3;0;0;0;0;0;0;2;1;0;0;0;0;0;0;0;0;0;0;0;0;0;0;0;0;0
282;4;7;2014;12;09/nov;Atibaia;-23.045906;-46.511615;829;0;0;5;0;0;0;0;1;0;0;0;0;0;0;0;0;0;0;0;0;0;1;0;0;0;5;0;0;0;0;2;0;0;0;0;0;0;0;2;3;0;0;0;0;0;0;0;0;0;0;0;0;0;0;0;0
282;4;10;2014;12;09/nov;Atibaia;-23.045792;-46.511808;815;0;0;0;0;1;0;0;0;0;0;0;0;0;0;0;4;0;0;0;0;0;0;0;0;0;3;0;0;0;0;0;0;0;0;0;0;0;2;0;6;0;0;0;0;0;0;0;0;0;0;0;0;0;0;0;0
282;13;1;2014;12;09/nov;Atibaia;-23.031387;-46.490117;872;0;0;1;0;0;0;0;0;0;0;0;0;0;0;0;3;0;0;0;0;0;0;0;0;0;0;0;0;0;0;0;0;0;1;0;0;0;0;0;0;0;0;0;0;0;0;0;1;0;0;0;0;0;0;0;0
282;13;1;2014;12;09/dez;Atibaia;na;na;na;0;0;0;3;0;0;0;0;0;0;0;0;0;0;0;0;0;0;0;0;0;0;0;0;0;0;0;0;0;0;1;0;0;3;1;0;0;0;0;0;0;0;0;0;0;0;0;0;0;0;0;0;0;0;0;0
282;13;4;2014;12;09/nov;Atibaia;-23.031194;-46.490224;872;0;0;6;0;0;0;0;0;0;0;0;0;0;0;0;0;0;0;0;0;1;0;0;0;0;0;0;0;0;0;1;0;0;0;0;0;0;0;0;1;0;0;0;0;0;0;0;0;0;0;0;0;0;0;0;0
282;13;4;2015;na;na;Atibaia;na;na;na;0;0;0;2;0;1;0;0;0;0;0;0;0;1;0;0;0;0;0;0;2;0;1;0;0;0;0;0;0;0;1;0;0;0;0;0;0;1;0;1;0;0;0;0;0;0;0;0;0;0;0;0;0;0;0;0
282;13;6;2015;na;na;Atibaia;na;na;na;0;0;0;0;0;0;0;0;0;0;0;0;0;0;0;0;0;0;0;0;0;0;0;0;0;0;0;0;0;0;0;0;0;0;0;0;0;0;0;2;0;0;0;0;0;0;0;0;0;0;0;0;0;0;0;0
282;13;7;2014;12;09/nov;Atibaia;-23.031096;-46.490339;874;0;0;2;0;0;0;0;0;0;0;0;0;0;0;0;0;0;0;0;0;0;0;0;0;0;1;0;0;0;0;0;0;0;1;0;0;0;0;0;0;0;0;0;0;0;0;0;0;0;0;0;0;0;0;0;0
282;13;10;2014;12;09/nov;Atibaia;-23.030891;-46.490533;873;0;0;6;0;0;0;0;0;0;0;0;0;0;0;0;1;0;0;0;0;0;0;0;0;0;1;0;0;0;0;1;0;0;0;0;0;0;1;1;0;0;0;0;0;0;0;1;0;0;0;0;0;0;0;0;0
282;13;10;2015;na;na;Atibaia;na;na;na;0;0;1;0;0;1;0;0;0;0;1;0;0;0;0;0;0;0;1;0;0;0;0;0;1;0;0;0;0;0;1;0;0;0;0;0;0;0;0;4;0;0;0;0;0;0;0;0;0;0;0;0;0;0;0;0
282;29;1;2015;1;25;Atibaia;-23.029616;-46.503198;847;1;0;0;0;0;0;0;0;0;0;0;0;0;0;0;0;0;0;0;0;0;0;0;0;0;0;0;0;0;0;0;0;0;0;0;0;0;0;0;0;0;0;0;0;0;0;0;0;0;0;0;0;0;0;0;0
282;29;4;2015;1;25;Atibaia;-23.029738;-46.502975;834;0;0;0;0;0;0;0;0;0;0;0;0;0;0;0;0;0;0;0;0;0;0;0;0;0;0;0;0;0;0;2;0;0;0;0;0;0;0;0;0;0;0;0;0;0;0;0;0;0;0;0;0;0;0;0;0
282;29;7;2015;1;25;Atibaia;-23.029916;-46.502807;838;0;0;0;0;0;0;0;0;0;0;0;0;0;0;0;0;0;0;0;0;0;0;0;0;0;0;0;0;0;0;0;0;0;0;0;0;0;0;0;0;0;0;0;0;0;0;0;0;0;0;0;0;0;0;0;0
282;29;10;2015;1;25;Atibaia;-23.029935;-46.502629;835;0;0;0;0;0;0;0;0;0;0;0;0;0;0;0;0;0;0;0;0;0;0;0;0;0;0;0;0;0;0;1;0;0;0;0;0;0;0;0;1;0;0;0;0;0;0;0;0;0;0;0;0;0;0;0;0
282;38;1;2015;1;25;Bragança Paulista;-23.020954;-46.488747;818;0;0;3;0;0;0;0;0;0;0;0;0;0;0;0;0;0;0;0;0;0;0;0;0;0;0;0;0;0;0;1;0;0;0;0;0;0;0;0;0;0;0;0;0;0;0;0;0;0;0;0;0;0;0;0;0
282;38;4;2015;1;25;Bragança Paulista;-23.021107;-46.488919;818;0;0;0;0;0;0;0;0;0;0;0;0;0;0;0;0;0;0;0;0;0;0;0;0;0;0;0;0;0;0;0;0;0;0;0;0;0;1;0;0;0;0;0;0;0;0;0;0;0;0;0;0;0;0;0;0
282;38;7;2015;1;25;Bragança Paulista;-23.021261;-46.48909;824;0;0;0;0;0;0;0;0;0;0;0;0;0;0;0;0;0;0;0;0;0;0;0;0;0;0;0;0;0;0;2;0;0;0;0;0;0;0;0;0;0;0;0;0;0;0;0;0;0;0;0;0;0;0;0;0
282;38;10;2015;1;25;Bragança Paulista;-23.02133;-46.489355;809;2;0;1;0;1;0;0;0;1;0;0;0;0;0;0;0;0;0;0;0;0;0;0;0;0;0;0;0;0;0;2;0;0;1;0;0;0;1;0;1;0;0;0;0;0;0;0;0;0;0;0;1;0;0;0;0
282;39;1;2014;12;09/nov;Atibaia;-23.037353;-46.488264;818;0;0;0;0;0;0;0;0;0;0;0;0;0;0;0;0;0;0;0;0;0;0;0;0;0;2;0;0;0;0;2;0;0;3;0;0;0;1;3;2;0;0;0;0;0;0;0;0;0;0;0;0;0;0;0;0
282;39;4;2014;12;09/nov;Atibaia;-23.037613;-46.48832;812;0;0;0;0;0;0;0;0;0;0;0;0;0;0;0;0;0;0;1;0;0;0;0;0;0;3;0;0;0;0;0;0;0;2;0;0;0;1;3;1;0;0;0;0;0;0;0;0;0;0;0;0;0;0;0;0
282;39;7;2014;12;09/nov;Atibaia;-23.037721;-46.488085;809;0;0;0;0;0;0;0;0;0;0;0;0;0;0;0;1;0;0;1;0;0;0;0;0;0;2;0;0;0;0;2;0;0;3;0;0;0;5;1;11;0;0;0;0;0;0;0;2;0;0;0;0;0;0;0;0
282;39;10;2014;12;09/nov;Atibaia;-23.037973;-46.487911;800;0;0;0;0;2;0;0;0;0;0;0;0;0;0;0;1;0;0;0;0;0;0;0;0;0;4;0;0;0;0;1;0;0;1;0;0;1;5;1;9;0;0;0;0;0;0;1;1;0;0;0;0;0;0;0;0
291;1;1;2015;na;na;Igaratá;-23.076033;-46.166123;768;0;0;0;0;0;0;0;0;0;0;0;0;0;0;0;0;0;0;0;0;0;0;0;0;0;0;0;0;0;0;0;0;0;0;0;0;0;0;0;0;0;0;0;0;0;0;0;0;0;0;0;0;0;0;0;0
291;1;4;2015;na;na;Igaratá;-23.076236;-46.166158;758;0;0;2;0;0;0;0;0;0;0;0;0;0;0;0;0;0;1;0;0;0;0;0;0;0;0;0;0;0;0;0;0;0;1;0;0;0;0;2;1;0;0;0;0;0;0;0;0;0;0;0;0;0;0;0;0
291;1;7;2015;na;na;Igaratá;-23.076463;-46.166038;766;0;0;0;0;0;0;0;0;0;0;0;0;0;0;0;0;0;0;0;0;0;0;0;0;0;0;0;0;0;0;0;0;0;0;0;0;0;0;0;1;0;0;0;0;0;0;0;0;0;0;0;0;0;0;0;0
291;1;10;2015;na;na;Igaratá;-23.076666;-46.16609;757;0;0;0;0;0;0;0;0;0;0;0;0;0;0;0;0;0;0;0;0;0;0;0;0;0;0;0;0;0;0;1;0;0;0;0;0;0;0;0;0;0;0;0;0;0;0;0;0;0;0;0;0;0;0;0;0
291;2;1;2015;na;na;Piracaia;-23.055474;-46.163913;927;0;0;0;0;0;0;0;0;0;0;0;0;0;0;0;0;0;1;0;0;0;0;0;0;0;0;0;0;0;0;0;0;0;0;0;0;2;0;2;7;0;0;0;0;0;0;0;0;0;0;0;0;0;0;0;0
291;2;4;2015;na;na;Piracaia;-23.056171;-46.164196;994;0;0;0;0;0;0;0;0;0;0;0;0;0;0;0;0;0;0;0;0;0;0;0;0;0;0;0;0;0;0;1;1;0;0;0;0;4;0;1;3;0;0;0;0;0;0;0;0;0;0;0;0;0;0;0;0
291;2;7;2015;na;na;Piracaia;-23.056327;-46.164503;971;0;0;0;0;0;0;0;0;0;0;0;0;0;0;0;0;0;0;0;0;0;0;0;0;0;0;0;0;0;0;0;0;0;0;0;0;1;0;2;4;0;0;0;0;0;0;0;0;0;0;0;0;0;0;0;0
291;2;10;2015;na;na;Piracaia;-23.05661;-46.16459;970;0;0;0;0;0;0;0;0;0;0;0;0;0;0;0;0;0;0;0;0;0;0;0;0;0;0;0;0;0;0;1;0;0;0;0;0;2;0;1;5;0;0;0;0;0;0;0;0;0;0;0;0;0;0;0;0
291;3;1;2015;na;na;Piracaia;-23.056033;-46.159988;1029;0;0;1;0;0;0;0;0;0;0;0;0;0;0;0;0;0;6;0;0;0;0;0;0;0;0;0;0;0;0;1;1;0;1;0;0;2;0;1;9;0;0;0;0;0;0;1;0;0;0;0;0;0;0;0;0
291;3;4;2015;na;na;Piracaia;-23.055763;-46.160133;1025;0;0;0;0;0;0;0;0;0;0;0;0;0;0;0;0;0;0;0;0;0;0;0;0;0;1;0;0;0;0;0;0;0;1;0;0;4;0;1;4;0;0;0;0;0;0;0;0;0;0;0;0;0;0;0;0
291;3;7;2015;na;na;Piracaia;-23.055578;-46.160182;1034;0;0;0;0;0;0;0;0;0;0;0;0;0;0;0;0;0;5;0;0;0;0;0;0;0;0;0;0;0;0;0;2;0;0;0;0;6;0;2;26;0;0;0;0;0;0;0;0;0;0;0;0;0;0;0;0
291;3;10;2015;na;na;Piracaia;-23.056027;-46.16031;1011;0;0;0;0;0;0;0;0;0;0;0;0;0;0;0;0;0;0;0;0;0;0;0;0;0;1;0;0;0;0;1;1;0;5;0;0;4;0;4;14;0;0;0;0;0;0;0;1;0;0;0;0;0;0;0;0
291;4;1;2015;na;na;Igaratá;-23.060359;-46.143969;732;0;0;0;0;0;0;0;0;0;0;0;0;0;0;0;0;0;0;0;0;0;0;0;0;0;1;0;0;0;0;2;0;0;0;0;0;0;0;1;0;0;0;0;0;0;0;0;0;0;0;0;0;0;0;0;0
291;4;4;2015;na;na;Igaratá;-23.060546;-46.143803;733;0;0;0;0;0;0;0;0;0;0;0;0;0;0;0;0;0;0;0;0;0;0;0;0;0;0;0;0;0;0;0;0;0;0;0;0;1;0;1;1;0;0;0;0;0;0;0;0;0;0;0;0;0;0;0;0
291;4;7;2015;na;na;Igaratá;-23.060752;-46.143774;733;0;0;0;0;0;0;0;0;0;0;0;0;0;0;0;0;0;0;0;0;0;0;0;0;0;0;0;0;0;0;0;0;0;0;0;0;0;0;2;1;0;0;0;0;0;0;0;0;0;0;0;0;0;0;0;0
291;4;10;2015;na;na;Igaratá;-23.060938;-46.143513;733;0;0;0;0;0;0;0;0;0;0;0;0;0;0;0;0;0;0;0;0;0;0;0;0;0;0;0;0;0;0;0;0;0;0;0;0;0;0;1;0;0;0;0;0;0;0;0;0;0;0;0;0;0;0;0;0
291;5;1;2015;na;na;Igaratá;-23.065724;-46.136068;696;0;0;0;0;0;0;0;0;0;0;0;0;0;0;0;0;0;0;0;0;0;0;0;0;0;0;0;0;0;0;2;0;0;1;0;0;0;0;1;0;0;0;0;0;0;0;0;0;0;0;0;0;0;0;0;0
291;5;4;2015;na;na;Igaratá;-23.066082;-46.136065;717;0;0;0;0;0;0;0;0;0;0;0;0;0;0;0;0;0;0;0;0;0;0;0;0;0;0;0;0;0;0;1;0;0;0;0;0;0;0;1;2;0;0;0;0;0;0;0;0;0;0;0;0;0;0;0;0
291;5;7;2015;na;na;Igaratá;-23.066306;-46.136234;712;0;0;0;0;0;0;0;0;0;0;0;0;0;0;0;0;0;0;0;0;1;0;0;0;0;0;0;0;0;0;0;0;0;0;0;0;0;0;0;1;0;0;0;0;0;0;0;0;0;0;0;0;0;0;0;0
291;5;10;2015;na;na;Igaratá;-23.066461;-46.136369;700;0;0;0;0;0;0;0;0;0;0;0;0;0;0;0;0;0;0;0;0;0;0;0;0;0;0;0;0;0;0;0;0;0;0;0;0;0;0;1;1;0;0;0;0;0;0;0;0;0;0;0;0;0;0;0;0
291;11;1;2015;na;na;Piracaia;-23.06311;-46.169037;943;0;0;0;0;0;0;0;0;0;0;0;0;0;0;0;0;0;1;0;0;0;0;0;0;0;0;0;0;0;0;0;0;0;0;0;0;0;0;0;0;0;0;0;0;0;0;0;0;0;0;0;0;0;0;0;0
291;11;4;2015;na;na;Piracaia;-23.062816;-46.169065;934;0;0;0;0;0;0;0;0;0;0;0;0;0;0;0;0;0;0;0;0;0;0;0;0;0;0;0;0;0;0;0;0;0;0;0;0;0;0;1;0;0;0;0;0;0;0;0;0;0;0;0;0;0;0;0;0
291;11;7;2015;na;na;Piracaia;-23.062829;-46.168957;930;0;0;0;0;0;0;0;0;0;0;0;0;0;0;0;0;0;1;0;0;0;0;0;0;0;0;0;0;0;0;0;0;0;0;0;0;0;0;0;0;0;0;0;0;0;0;0;0;0;0;0;0;0;0;0;0
291;11;10;2015;na;na;Piracaia;-23.062717;-46.168653;929;0;0;0;0;0;0;0;0;0;0;0;0;0;0;0;0;0;0;0;0;0;0;0;0;0;0;0;0;0;0;0;0;0;0;0;0;0;0;0;0;0;0;0;0;0;0;0;0;0;0;0;0;0;0;0;0
291;24;1;2015;na;na;Piracaia;-23.053378;-46.167774;1128;0;0;1;0;0;0;0;0;0;0;0;0;0;0;0;0;0;0;0;0;0;0;0;0;0;0;0;0;0;0;0;0;0;4;0;0;0;0;0;0;0;0;0;0;0;0;0;0;0;0;0;0;0;0;0;0
291;24;4;2015;na;na;Piracaia;-23.053564;-46.167967;1128;0;0;0;0;0;0;0;0;0;0;0;0;0;0;0;0;0;0;0;0;0;0;0;0;0;0;0;0;0;0;0;0;0;2;0;0;6;0;0;0;0;0;0;0;0;0;0;0;0;0;0;0;0;0;0;0
291;24;7;2015;na;na;Piracaia;-23.053671;-46.168129;1142;0;0;0;0;0;0;0;0;0;0;0;0;0;0;0;0;0;0;0;0;0;0;0;0;0;0;0;0;0;0;0;0;0;3;0;0;0;0;0;0;0;0;0;0;0;0;0;0;0;0;0;0;0;0;0;0
291;24;10;2015;na;na;Piracaia;-23.053924;-46.168305;1144;0;0;0;0;0;0;0;0;0;0;0;0;0;0;0;0;0;0;0;0;0;0;0;0;0;0;0;0;0;0;0;0;0;3;0;0;1;0;0;0;0;0;0;0;0;0;0;0;0;0;0;0;0;0;0;0
317;0;1;2015;na;na;São Jose dos Campos;-23.005141;-46.031897;739;0;0;1;0;0;0;0;0;0;0;0;0;0;0;0;0;0;4;0;0;0;0;0;0;0;0;0;0;0;0;3;0;0;0;0;0;0;0;1;0;0;0;0;0;0;0;0;0;0;0;0;0;0;0;0;0
317;0;4;2015;na;na;São Jose dos Campos;-23.005024;-46.032029;740;0;0;2;0;0;0;0;0;0;0;0;0;0;0;0;0;0;2;0;0;0;0;0;0;0;0;0;0;0;0;2;1;0;0;0;0;0;0;0;0;0;0;0;0;0;0;0;3;0;0;0;0;0;0;0;0
317;0;7;2015;na;na;São Jose dos Campos;-23.004951;-46.032158;767;0;0;0;0;0;0;0;0;0;0;0;0;0;0;0;0;0;0;0;0;0;0;0;0;0;0;0;0;0;0;0;0;0;0;0;0;0;0;0;0;0;0;0;0;0;0;0;0;0;0;0;0;0;0;0;0
317;0;10;2015;na;na;São Jose dos Campos;-23.004786;-46.032329;743;0;0;2;0;0;0;0;0;0;0;0;0;0;0;0;0;0;0;0;0;0;0;0;0;0;0;0;0;0;0;9;0;0;0;0;0;0;0;3;0;0;0;0;0;0;0;0;1;0;0;0;0;0;0;0;0
317;1;1;2015;na;na;São Jose dos Campos;-23.001504;-46.047159;760;0;0;0;0;0;0;0;0;0;0;0;0;0;0;0;0;0;0;0;0;0;0;0;0;0;0;0;0;0;0;0;1;0;0;0;0;0;0;0;0;0;0;0;0;0;0;0;0;0;0;0;0;0;0;0;0
317;1;4;2015;na;na;São Jose dos Campos;-23.00127;-46.047212;783;0;0;0;0;0;0;0;0;0;0;0;0;0;0;0;0;0;0;0;0;0;0;0;0;0;0;0;0;0;0;0;1;0;0;0;0;0;0;0;0;0;0;0;0;0;0;0;0;0;0;0;0;0;0;0;0
317;1;7;2015;na;na;São Jose dos Campos;-23.001353;-46.047097;776;0;0;0;0;0;0;0;0;0;0;0;0;0;0;0;0;0;0;0;0;0;0;0;0;0;0;0;0;0;0;3;1;0;0;0;0;0;0;0;0;0;0;0;0;0;0;0;0;0;0;0;0;0;0;0;0
317;1;10;2015;na;na;São Jose dos Campos;-23.001309;-46.046952;793;0;0;0;0;0;0;0;0;0;0;0;0;0;0;0;0;0;0;0;0;0;0;0;0;0;0;0;0;0;0;4;0;0;0;0;0;0;0;1;0;0;0;0;0;0;0;0;0;0;0;0;0;0;0;0;0
317;13;1;2015;na;na;São Jose dos Campos;-23.000539;-46.037605;757;0;0;0;0;0;0;0;0;0;0;0;0;0;0;0;0;0;0;0;0;0;0;0;0;0;0;0;0;0;0;0;0;0;0;0;0;0;0;0;0;0;0;0;0;0;0;0;1;0;0;0;0;0;0;0;0
317;13;4;2015;na;na;São Jose dos Campos;-23.000608;-46.037387;771;0;0;0;0;0;0;0;0;0;0;0;0;0;0;0;0;0;0;0;0;0;0;0;0;0;0;0;0;0;0;3;0;0;0;0;0;0;0;2;0;0;0;0;0;0;0;0;0;0;0;0;0;0;0;0;0
317;13;7;2015;na;na;São Jose dos Campos;-23.000563;-46.037226;764;0;0;0;0;0;0;0;0;0;0;0;0;0;0;0;0;0;1;0;0;0;0;0;0;0;0;0;0;0;0;0;0;0;0;0;0;0;0;0;0;0;0;0;0;0;0;0;0;0;0;0;0;0;0;0;0
317;13;10;2015;na;na;São Jose dos Campos;-23.000275;-46.037268;769;0;0;0;0;0;0;0;0;0;0;0;0;0;0;0;0;0;2;0;0;0;0;0;0;0;0;0;0;0;0;3;0;0;0;0;0;0;0;1;1;0;0;0;0;0;0;0;0;0;0;0;0;0;0;0;0
317;20;1;2015;na;na;São Jose dos Campos;-22.990768;-46.026636;722;0;0;1;0;0;0;0;0;0;0;0;0;0;0;1;0;0;1;0;0;0;0;0;0;0;0;0;0;0;0;0;2;0;0;0;0;0;0;9;1;0;0;0;0;0;0;1;0;0;0;0;0;0;0;0;0
317;20;4;2015;na;na;São Jose dos Campos;-22.990842;-46.02669;732;0;0;0;0;0;0;0;0;0;0;0;0;0;0;0;0;0;0;0;0;0;0;0;0;0;0;0;0;0;0;0;0;0;0;0;0;0;0;1;0;0;0;0;0;0;0;0;0;0;0;0;0;0;0;0;0
317;20;7;2015;na;na;São Jose dos Campos;-22.991029;-46.02657;726;0;0;1;0;0;0;0;0;0;0;0;0;0;0;0;0;0;1;0;0;0;0;0;0;0;0;0;0;0;0;1;0;0;0;0;0;0;0;2;1;0;0;0;0;0;0;0;0;0;0;0;0;0;0;0;0
317;20;10;2015;na;na;São Jose dos Campos;-22.991073;-46.026604;723;0;0;0;0;0;0;0;0;0;0;0;0;0;0;0;0;0;0;0;0;0;0;0;0;0;0;0;0;0;0;0;0;0;0;0;0;0;0;4;0;0;0;0;0;0;0;0;0;0;0;0;0;0;0;0;0
317;22;1;2015;na;na;São Jose dos Campos;-22.988902;-46.018349;705;0;0;1;0;7;0;0;0;0;0;0;0;0;0;0;0;0;0;0;0;1;0;0;0;0;0;0;0;0;0;1;2;0;0;0;0;0;0;2;2;0;0;0;0;0;0;2;0;0;0;0;0;0;0;0;0
317;22;4;2015;na;na;São Jose dos Campos;-22.988777;-46.018308;740;0;0;1;0;1;0;0;0;0;0;0;0;0;0;0;0;0;0;0;0;0;0;0;0;0;0;0;0;0;0;0;3;0;2;0;0;1;0;1;4;0;0;0;0;0;0;0;0;0;0;0;0;0;0;0;0
317;22;7;2015;na;na;São Jose dos Campos;-22.988555;-46.018353;755;0;0;2;0;0;0;0;0;0;0;0;0;0;0;0;0;0;0;0;0;0;0;0;0;0;0;0;0;0;0;1;1;0;1;0;0;1;0;4;5;0;0;0;0;0;0;2;0;0;0;0;0;0;0;0;0
317;22;10;2015;na;na;São Jose dos Campos;-22.98834;-46.018375;773;0;0;0;0;0;0;0;0;0;0;0;1;0;0;0;0;0;0;1;0;0;0;0;0;0;0;0;0;0;0;0;1;0;5;0;0;0;0;0;3;0;0;0;0;0;0;2;0;0;0;0;0;0;0;0;0
317;23;1;2015;na;na;São Jose dos Campos;-22.990437;-46.021857;731;0;0;1;0;6;0;0;0;0;0;0;0;0;0;0;0;0;0;0;0;0;0;0;0;0;0;0;0;0;0;0;1;0;0;0;0;0;0;1;1;0;0;0;0;0;0;0;0;0;0;0;0;0;0;0;0
317;23;4;2015;na;na;São Jose dos Campos;-22.990668;-46.021713;727;0;0;3;0;1;0;0;0;0;0;0;0;0;0;0;0;0;0;0;0;0;0;0;0;0;0;0;0;0;0;1;0;0;0;0;0;1;0;5;4;0;0;0;0;0;0;0;0;0;0;0;0;0;0;0;0
317;23;7;2015;na;na;São Jose dos Campos;-22.990915;-46.021525;725;0;0;1;0;4;0;0;0;0;0;0;0;0;0;0;0;0;0;0;0;0;0;0;0;0;0;0;0;0;0;1;1;0;0;0;0;1;0;4;4;0;0;0;0;0;0;0;0;0;0;0;0;0;0;0;0
317;23;10;2015;na;na;São Jose dos Campos;-22.991066;-46.021291;718;0;0;3;0;0;0;0;0;0;0;0;0;0;0;0;0;0;0;0;0;0;0;0;0;0;0;0;1;0;0;0;0;0;0;0;0;0;0;1;3;0;0;0;0;0;0;0;0;0;0;0;0;0;0;0;0
317;24;1;2015;na;na;São Jose dos Campos;-22.991785;-46.054572;799;0;0;0;0;0;0;0;0;0;0;0;0;0;0;0;0;0;0;1;0;0;0;0;0;0;0;0;0;0;0;0;0;0;0;0;0;0;0;0;0;0;0;0;0;0;0;0;0;0;0;0;0;0;0;0;0
317;24;4;2015;na;na;São Jose dos Campos;-22.991544;-46.054414;797;0;0;0;0;0;0;0;0;0;0;0;0;0;0;0;1;0;0;0;0;0;0;0;0;0;0;0;0;0;0;0;0;0;0;0;0;0;0;0;0;0;0;0;0;0;0;0;0;0;0;0;0;0;0;0;0
317;24;7;2015;na;na;São Jose dos Campos;-22.991285;-46.054356;799;0;0;0;0;1;0;0;0;0;0;0;0;0;0;0;0;0;0;0;0;0;0;0;0;0;0;0;0;0;0;2;0;0;0;0;0;0;0;0;0;0;0;0;0;0;0;0;0;0;0;0;0;0;0;0;0
317;24;10;2015;na;na;São Jose dos Campos;-22.991002;-46.054506;798;0;0;0;0;0;0;0;0;0;0;0;0;0;0;0;0;0;0;0;0;0;0;0;0;0;0;0;0;0;0;0;0;0;0;0;0;0;0;0;0;0;0;0;0;0;0;0;0;0;0;0;0;0;0;0;0
317;25;1;2015;na;na;São Jose dos Campos;-22.98379;-46.050769;732;0;0;0;0;0;0;0;0;0;0;0;0;0;1;0;0;0;1;0;0;0;0;0;0;0;0;0;0;0;0;1;0;0;0;0;0;1;0;1;1;0;0;0;0;0;0;0;0;0;0;0;0;0;0;0;0
317;25;4;2015;na;na;São Jose dos Campos;-22.984722;-46.051175;873;0;0;0;0;0;0;0;0;0;0;0;0;0;0;0;0;0;0;0;0;0;0;0;0;0;0;0;0;0;0;0;1;0;0;0;0;0;0;0;0;0;0;0;0;0;0;0;0;0;0;0;0;0;0;0;0
317;25;7;2015;na;na;São Jose dos Campos;-22.985052;-46.051196;877;0;0;0;0;0;0;0;0;0;0;0;0;0;0;0;0;0;0;0;0;0;0;0;0;0;0;0;0;0;0;0;0;0;0;0;0;0;0;1;0;0;0;0;0;0;0;0;0;0;0;0;0;0;0;0;0
317;25;10;2015;na;na;São Jose dos Campos;-22.985307;-46.051019;860;0;0;0;0;0;0;0;0;0;0;0;0;0;0;0;0;0;0;0;0;0;0;0;0;0;0;0;0;0;0;0;0;0;0;0;0;0;0;1;0;0;0;0;0;0;0;0;0;0;0;0;0;0;0;0;0
329;0;1;2014;12;16;Vargem;-23.003184;-46.033845;775;0;0;0;0;1;2;0;0;0;0;0;0;0;0;0;0;0;0;0;0;0;0;0;0;0;0;0;0;0;0;1;0;0;0;0;0;0;0;0;0;1;0;0;0;0;0;0;0;2;0;0;0;0;0;0;0
329;0;4;2014;12;16;Vargem;-22.94823333;-46.44936667;809;0;1;0;0;1;1;0;0;1;0;0;0;0;0;0;0;0;0;0;0;1;0;0;0;0;0;0;0;0;0;2;0;0;0;0;0;0;0;0;0;1;0;0;0;0;0;0;0;1;0;0;0;0;0;0;0
329;0;7;2014;12;16;Vargem;-22.94841667;-46.44958333;807;0;1;0;0;0;0;0;0;1;0;0;0;0;0;0;0;0;0;0;0;0;0;0;0;0;0;0;0;0;0;1;0;0;0;0;0;0;1;0;0;1;0;0;0;0;0;0;0;4;0;0;0;0;0;0;0
329;0;10;2014;12;16;Vargem;-22.94841667;-46.44958333;na;0;1;0;0;3;0;0;0;0;0;0;0;0;0;0;0;0;0;0;0;0;0;0;0;0;0;0;0;0;0;1;0;0;0;0;0;0;0;0;0;0;1;0;0;0;0;0;0;4;0;0;0;0;0;0;0
329;1;1;2014;12;18;Bragança Paulista;-22.94628333;-46.4752;880;0;2;1;2;0;1;0;0;0;0;0;0;0;0;0;0;0;0;0;0;1;0;0;0;0;0;0;0;0;0;4;0;0;2;0;0;0;0;0;0;1;0;0;0;0;0;0;0;0;0;0;0;0;0;0;0
329;1;4;2014;12;18;Bragança Paulista;-22.94651667;-46.47513333;893;0;0;7;0;1;0;0;0;0;0;0;0;0;0;0;0;0;0;0;0;0;0;0;0;0;1;0;0;0;0;3;0;0;0;0;0;0;0;0;0;0;0;0;1;0;0;0;0;0;0;0;0;0;0;0;0
329;1;7;2014;12;18;Bragança Paulista;-22.94671667;-46.4751;883;0;0;0;0;1;0;0;0;0;0;0;0;0;0;0;0;0;0;0;0;0;0;0;0;0;1;0;0;0;0;5;0;0;0;0;0;0;0;0;0;0;0;0;0;0;0;0;0;0;0;0;0;0;0;0;0
329;1;10;2014;12;18;Bragança Paulista;-22.9469;-46.47518333;866;0;0;0;0;0;0;0;0;0;0;0;0;0;0;0;0;0;0;0;0;1;0;0;0;0;0;0;0;0;0;0;0;0;0;0;0;0;0;0;0;0;0;0;0;0;0;0;0;0;0;0;0;0;0;0;0
329;2;1;2014;12;16;Bragança Paulista;-22.967437;-46.480983;na;2;0;8;0;3;5;0;0;0;0;0;0;0;0;0;0;0;0;0;0;0;0;0;0;0;12;0;0;0;0;2;0;3;0;1;0;0;0;0;1;1;0;0;0;0;0;0;0;0;0;0;0;0;0;0;0
329;2;4;2014;12;16;Bragança Paulista;-22.967438;-46.480984;na;0;0;1;0;2;3;0;0;0;0;0;0;0;0;0;0;0;0;0;0;0;0;0;0;0;5;0;2;0;0;2;0;2;0;0;0;0;0;0;0;1;0;0;0;0;1;0;0;0;0;0;0;0;0;0;0
329;2;7;2014;12;16;Bragança Paulista;-22.967439;-46.480985;na;1;2;0;0;1;1;4;0;0;0;0;0;0;0;0;0;0;0;0;0;0;0;0;0;0;16;0;0;0;0;2;0;0;0;0;0;0;2;0;0;2;0;0;0;0;0;0;0;0;0;0;0;0;0;0;0
329;2;10;2014;12;16;Bragança Paulista;-22.96744;-46.480986;na;1;1;0;0;7;21;0;0;0;0;0;0;0;0;0;0;0;0;0;0;0;0;0;0;0;0;0;3;0;0;0;0;0;0;2;0;0;2;0;0;3;1;0;0;0;0;0;0;0;0;0;0;0;0;0;0
329;3;1;2014;12;16;Bragança Paulista;-22.967566;-46.474866;na;5;0;1;0;3;0;0;0;0;0;0;0;0;0;0;0;0;0;0;1;0;0;0;0;0;1;0;0;0;0;1;0;0;3;1;0;0;0;4;0;0;0;1;0;0;0;0;0;6;1;0;0;1;0;0;0
329;3;4;2014;12;16;Bragança Paulista;-22.967732;-46.474911;na;6;1;1;0;2;0;0;0;0;0;0;0;0;0;0;0;0;0;0;0;0;0;0;0;0;4;0;0;0;0;2;0;0;1;0;0;0;0;1;0;0;0;0;0;0;0;0;0;2;0;0;0;0;0;0;0
329;3;7;2014;12;16;Bragança Paulista;-22.967901;-46.47496;na;4;1;0;0;3;0;0;0;0;0;0;0;0;0;0;0;0;0;0;1;0;0;0;0;0;0;0;1;0;0;3;0;0;0;0;0;0;0;0;0;0;1;0;0;0;0;0;0;3;0;0;0;0;0;0;0
329;3;10;2014;12;16;Bragança Paulista;-22.968041;-46.475021;na;6;0;0;0;0;0;0;0;0;0;0;0;0;0;0;0;0;0;0;0;0;0;0;0;0;0;0;0;0;0;0;0;0;0;1;0;0;0;0;0;0;1;0;0;0;0;0;0;0;0;0;0;0;0;0;0
329;3;10;2014;na;na;Bragança Paulista;-22.968041;-46.475021;na;0;7;0;0;0;0;0;0;0;0;0;0;1;0;0;0;0;0;0;0;0;0;0;0;1;0;0;0;0;0;10;0;0;2;0;0;0;0;0;0;0;0;1;0;0;0;0;0;5;0;0;0;0;0;0;0
329;5;1;2014;12;16;Bragança Paulista;na;na;na;0;5;3;0;8;7;0;0;0;0;0;0;0;0;0;0;0;0;0;0;2;0;0;0;0;5;0;0;0;0;0;0;3;0;0;0;0;0;2;0;2;5;0;0;0;0;0;0;0;0;0;0;0;0;0;0
329;5;4;2014;12;16;Bragança Paulista;-22.94053333;-46.43636667;907;0;1;4;0;3;5;1;0;0;0;0;0;0;0;0;0;0;0;0;0;0;0;0;0;0;3;0;0;0;0;1;0;3;1;2;0;0;0;0;0;0;0;0;0;0;0;0;0;0;0;0;0;0;0;0;0
329;5;7;2014;12;16;Bragança Paulista;-22.94036667;-46.4365;903;1;0;0;0;0;0;0;0;0;0;0;0;0;0;0;0;0;0;0;0;0;0;0;0;0;0;0;0;0;0;0;0;0;0;0;0;0;0;0;0;1;0;0;0;0;0;0;0;0;0;0;0;0;0;0;0
329;5;10;2014;12;16;Bragança Paulista;-22.94027;-46.4366;880;1;1;2;0;27;9;0;0;0;0;0;0;0;0;0;0;0;0;0;0;0;0;0;0;0;14;0;0;0;0;1;0;1;0;0;0;0;1;0;0;2;0;0;0;0;0;0;0;0;0;0;0;0;0;0;0
329;7;1;2014;12;16;Bragança Paulista;-22.960381;-46.477217;na;0;4;0;0;0;0;0;0;0;0;0;0;0;0;0;0;0;0;0;0;0;0;0;0;0;1;0;1;0;0;0;0;1;0;0;0;0;0;0;0;0;0;0;0;0;0;0;1;4;0;0;0;0;0;0;0
329;7;4;2014;12;16;Bragança Paulista;-22.96045;-46.476988;na;0;1;0;0;3;0;0;0;0;0;1;0;0;0;0;0;0;0;0;0;0;0;0;0;0;0;0;0;0;0;0;1;1;0;0;0;0;0;0;1;0;0;0;0;0;0;0;0;5;0;0;0;0;0;0;0
329;7;7;2014;12;16;Bragança Paulista;-22.960496;-46.47677;na;0;0;0;0;0;1;0;0;0;0;0;0;0;0;0;0;0;0;0;0;0;0;0;0;0;1;0;0;0;0;0;0;0;3;0;0;0;0;0;2;0;0;0;0;0;0;0;0;1;0;0;0;0;0;0;0
329;7;10;2014;12;16;Bragança Paulista;-22.960509;-46.476602;na;0;1;3;0;4;2;0;0;0;0;0;0;0;1;0;0;0;0;0;0;0;0;0;0;0;4;0;1;0;0;0;1;0;0;0;0;0;0;0;0;3;0;0;0;0;0;0;0;8;0;0;0;0;0;0;0
329;8;1;2014;12;16;Bragança Paulista;-22.945917;-46.465085;na;0;4;0;0;0;6;0;0;0;0;0;0;0;0;0;0;0;0;0;0;0;0;0;0;0;6;0;0;0;0;0;0;2;0;0;0;0;0;0;0;0;0;0;0;0;0;0;0;0;0;0;0;0;0;0;0
329;8;4;2014;12;16;Bragança Paulista;-22.946107;-46.465031;na;0;4;0;0;0;1;0;0;0;0;0;0;0;0;0;0;0;0;0;0;0;0;0;0;0;2;0;0;0;0;1;0;1;0;0;0;1;0;0;0;0;0;0;0;0;0;0;0;0;0;0;0;0;0;0;0
329;8;7;2014;12;16;Bragança Paulista;-22.946237;-46.464981;na;0;1;1;0;0;1;0;0;0;0;0;0;0;0;0;0;0;0;0;0;0;0;0;0;0;1;0;0;0;0;0;0;2;0;0;0;0;0;0;0;0;0;0;0;0;0;0;0;0;0;0;0;0;0;0;0
329;8;10;2014;12;16;Bragança Paulista;-22.946337;-46.464936;na;0;1;0;0;0;2;0;0;0;0;0;0;0;0;0;0;0;0;0;1;0;0;0;0;0;0;0;1;0;0;0;0;2;0;0;0;1;0;0;0;0;0;0;0;0;0;0;0;3;0;0;0;0;0;0;0
329;14;1;2014;12;16;Bragança Paulista;-22.944198;-46.462648;na;17;6;2;0;0;4;0;0;3;0;1;0;0;0;0;0;0;0;0;2;0;0;0;0;0;1;0;1;0;0;1;0;4;0;1;0;0;1;0;0;0;0;0;0;0;0;0;0;0;0;0;0;0;0;0;0
329;14;4;2014;12;16;Bragança Paulista;-22.944376;-46.462497;na;0;3;0;0;0;0;0;0;0;0;0;0;0;1;0;0;0;0;0;5;0;0;0;0;0;2;0;0;0;0;0;0;0;0;1;0;0;1;0;0;2;0;0;0;0;0;0;0;2;0;0;0;0;0;0;0
329;14;7;2014;12;16;Bragança Paulista;-22.944532;-46.462353;na;0;0;0;0;0;0;0;0;1;0;0;0;0;1;0;0;0;0;0;1;0;0;0;0;0;1;0;0;0;0;1;0;1;0;0;0;0;1;0;1;0;0;0;0;0;0;0;0;2;0;0;0;0;0;0;0
329;14;10;2014;12;16;Bragança Paulista;-22.944656;-46.462243;na;1;1;1;0;0;1;0;0;0;0;0;0;0;0;0;0;0;0;0;1;0;0;0;0;0;3;0;0;0;0;2;0;12;0;0;0;0;1;0;0;2;0;1;0;0;0;0;0;1;0;0;0;0;0;0;0
333;0;1;2015;1;4;Joanópolis;na;na;na;0;0;3;0;0;11;0;0;0;0;0;0;0;0;0;0;0;0;0;0;0;0;0;0;0;0;0;0;0;0;1;0;4;0;0;0;0;0;0;0;4;0;1;0;0;0;0;0;0;0;0;0;0;0;0;0
333;0;4;2015;1;4;Joanópolis;-22.958556;-46.285026;1105;0;0;2;0;2;8;0;0;0;0;0;0;0;0;0;0;0;0;0;0;0;0;0;0;0;0;0;1;0;0;1;0;2;0;0;0;0;2;0;0;2;0;0;0;0;0;0;0;0;0;0;0;0;0;0;0
333;0;7;2015;1;4;Joanópolis;-22.958731;-46.285147;1109;0;0;0;0;0;2;0;0;0;0;0;0;0;0;0;0;0;0;0;0;0;0;0;0;0;0;0;0;0;0;1;0;5;1;1;0;0;0;0;0;0;0;0;0;0;0;0;0;0;0;0;0;0;0;0;0
333;0;10;2015;1;4;Joanópolis;-22.955874;-46.275752;1094;0;0;1;0;0;1;0;0;0;0;0;0;0;0;0;0;0;0;0;0;0;0;0;0;0;0;0;0;0;0;0;0;1;0;0;0;0;0;0;0;0;0;0;0;0;0;0;0;0;0;0;0;0;0;0;0
333;1;1;2015;1;4;Joanópolis;-22.955845;-46.275648;1085;0;0;3;0;0;2;0;0;0;0;0;0;0;0;0;0;0;0;1;0;0;0;0;0;0;0;0;0;0;0;0;0;0;0;0;0;0;0;0;0;0;0;0;0;1;3;0;0;0;0;0;0;0;0;0;0
333;1;4;2015;1;4;Joanópolis;-22.955891;-46.275566;1108;0;0;0;0;0;2;0;0;0;0;0;0;0;0;0;0;0;0;0;0;0;0;0;0;0;0;0;0;0;0;0;0;1;0;0;0;0;0;0;0;0;0;0;0;0;0;0;0;0;0;0;0;0;0;0;0
333;1;7;2015;1;4;Joanópolis;-22.956008;-46.275449;1111;0;0;0;0;0;2;0;0;0;0;0;0;0;0;0;0;0;0;0;0;0;0;0;0;0;0;0;0;0;0;0;0;0;0;0;0;0;0;0;0;0;0;0;0;1;0;0;0;0;0;0;0;0;0;0;0
333;1;10;2015;1;4;Joanópolis;-22.95777;-46.279735;1083;0;0;1;0;0;7;0;0;0;0;0;0;0;0;0;0;0;0;0;0;0;0;0;0;0;0;0;0;0;0;0;0;0;0;0;0;0;0;0;0;0;0;0;0;0;0;0;0;0;0;0;0;0;0;0;0
333;2;1;2015;1;4;Joanópolis;-22.95769;-46.279663;1075;0;0;1;0;4;2;0;0;0;0;0;0;0;0;0;0;0;0;0;0;0;0;0;0;0;0;0;0;0;0;1;0;0;0;0;0;0;0;0;0;0;0;0;0;1;0;0;0;0;0;0;0;0;0;0;0
333;2;4;2015;1;4;Joanópolis;-22.957486;-46.279719;1067;0;0;0;0;1;7;0;0;0;0;0;0;0;0;0;0;0;0;0;0;0;0;0;0;0;0;0;0;0;0;0;0;1;0;0;0;0;0;0;0;0;0;0;1;0;0;0;0;0;0;0;0;0;0;0;0
333;2;7;2015;1;4;Joanópolis;-22.957369;-46.279832;1059;0;0;5;0;2;15;0;0;0;0;0;0;0;0;0;0;0;0;0;0;0;0;0;0;0;0;0;0;0;0;0;0;0;0;1;0;0;0;0;0;0;0;0;0;0;5;0;0;0;0;0;0;0;0;0;0
333;2;10;2015;1;4;Joanópolis;-22.945242;-46.297624;872;0;0;6;0;5;0;0;0;0;0;0;0;0;0;0;0;0;0;0;0;0;0;0;0;0;0;0;0;0;0;1;0;0;0;0;0;0;0;0;0;0;0;0;0;0;6;0;0;0;0;0;0;0;0;0;0
333;3;1;2015;1;4;Joanópolis;-22.945239;-46.297634;877;0;0;1;0;0;0;0;0;0;0;0;0;0;0;0;0;0;0;0;0;0;0;0;0;0;0;0;0;0;0;3;0;0;0;0;0;0;0;0;0;0;0;0;0;0;0;0;0;0;0;0;0;0;0;0;0
333;3;4;2015;1;4;Joanópolis;-22.944986;-46.297548;882;0;0;0;0;0;0;0;0;0;0;0;0;0;0;0;0;0;0;0;0;0;0;0;0;0;0;0;0;0;0;7;0;0;0;0;0;0;0;0;0;0;1;0;0;0;0;0;0;0;0;0;1;0;0;0;0
333;3;7;2015;1;4;Joanópolis;-22.945101;-46.297419;881;0;0;7;0;0;0;0;0;0;0;0;0;0;0;0;0;0;0;0;0;0;0;0;0;0;0;0;0;0;0;0;0;0;0;0;0;0;0;0;0;0;1;0;0;0;0;0;0;0;0;0;0;0;0;0;0
333;3;10;2015;1;4;Joanópolis;-22.956583;-46.302802;880;0;0;7;0;1;0;0;0;0;0;0;0;0;0;0;0;0;0;0;0;0;0;0;0;0;0;0;0;0;0;0;0;0;0;0;0;0;0;0;0;0;0;0;0;1;0;0;0;0;0;0;0;0;0;0;0
333;4;1;2015;1;4;Joanópolis;-22.95651;-46.302849;886;0;0;0;0;0;0;0;0;0;0;0;0;0;0;0;0;0;0;0;1;0;0;0;0;0;0;0;0;0;0;0;0;0;0;0;0;0;0;0;0;0;0;0;0;0;0;0;0;0;0;0;0;0;0;0;0
333;4;4;2015;1;4;Joanópolis;-22.956291;-46.302959;885;0;0;0;0;0;0;0;0;0;0;0;0;0;0;0;0;0;0;0;0;0;0;0;0;0;0;0;0;0;0;0;0;0;0;0;0;0;0;0;0;0;0;0;0;0;0;0;0;1;0;0;0;0;0;0;0
333;4;7;2015;1;4;Joanópolis;-22.956224;-46.302734;897;0;0;0;0;0;1;0;0;0;0;0;0;0;0;0;0;0;0;0;0;0;0;0;0;0;0;0;0;0;0;0;0;0;0;0;0;0;1;0;0;0;0;0;0;0;0;0;0;5;0;0;0;0;0;0;0
333;4;10;2015;1;4;Joanópolis;-22.961056;-46.3013;931;0;0;1;0;0;3;0;0;0;0;0;0;0;0;0;0;0;0;0;0;0;0;0;0;0;0;0;0;0;0;0;0;0;1;0;0;0;0;1;0;2;0;0;0;0;0;0;0;1;0;0;0;0;0;0;0
333;5;1;2015;1;4;Joanópolis;-22.961053;-46.301298;935;0;0;6;0;0;11;0;0;0;0;0;0;0;0;0;0;0;0;0;0;0;0;0;0;0;0;0;0;0;0;0;0;0;0;0;0;0;0;0;0;0;0;0;0;0;0;0;0;0;0;0;0;0;0;0;0
333;5;4;2015;1;4;Joanópolis;-22.961099;-46.301106;955;0;0;0;0;0;6;0;0;0;0;0;0;0;0;0;0;0;0;0;0;0;0;0;0;0;0;0;0;0;0;0;0;0;0;0;0;0;1;1;0;0;0;0;0;0;0;0;0;2;0;0;0;0;0;0;0
333;5;7;2015;1;4;Joanópolis;-22.961041;-46.300857;956;0;0;10;0;0;16;0;0;0;0;0;0;0;0;0;0;0;0;0;0;0;0;0;0;0;0;0;0;0;0;0;0;0;0;0;0;0;0;0;0;0;0;0;0;0;0;0;0;1;0;0;0;0;0;0;0
333;5;10;2015;1;4;Joanópolis;-22.969182;-46.298033;1102;0;0;5;0;0;9;0;0;0;0;0;0;0;0;0;0;0;0;0;0;0;0;0;0;0;0;0;0;0;0;0;0;0;0;1;0;0;0;0;0;0;0;0;0;0;0;0;0;2;0;0;0;0;0;0;0
333;7;1;2015;1;4;Joanópolis;-22.969107;-46.298001;1097;0;0;0;0;0;0;0;0;0;0;0;0;0;0;0;0;0;0;0;0;0;0;0;0;0;0;0;0;0;0;1;0;0;0;0;0;0;0;0;0;0;0;0;0;0;0;0;0;0;0;0;0;0;0;0;0
333;7;4;2015;1;4;Joanópolis;-22.969197;-46.298245;1092;0;0;0;0;0;0;0;0;0;0;0;0;0;0;0;0;0;0;0;0;0;0;0;0;0;0;0;0;0;0;1;1;1;0;0;0;0;14;0;0;0;0;1;0;0;0;0;0;0;0;0;0;0;0;0;0
333;7;7;2015;1;4;Joanópolis;-22.969292;-46.29838;1079;0;0;0;0;0;0;0;0;0;0;2;0;0;0;0;0;0;0;0;0;0;0;0;0;0;0;0;0;0;0;0;0;1;1;0;0;0;2;0;0;1;0;0;0;0;0;0;0;0;0;0;0;0;0;0;0
333;7;10;2015;1;4;Joanópolis;-22.96297;-46.291587;1133;0;0;0;0;0;10;0;0;0;0;0;0;0;0;0;0;0;0;0;0;0;0;0;0;0;0;0;0;0;0;4;1;0;0;0;0;0;0;0;0;2;0;0;0;0;0;0;0;0;0;0;0;0;0;0;0
333;8;1;2015;1;4;Joanópolis;-22.963;-46.29153;1134;0;0;0;0;0;3;0;0;0;0;0;0;0;2;0;0;0;0;0;0;0;0;0;0;0;1;0;0;0;0;3;0;2;0;0;0;0;0;0;0;0;0;0;0;0;0;0;1;0;0;0;0;0;0;0;0
333;8;4;2015;1;4;Joanópolis;-22.963137;-46.291283;1137;0;0;0;0;0;0;0;0;0;0;0;0;0;0;0;0;0;0;0;0;0;0;0;0;0;5;0;0;0;0;1;0;2;0;0;0;0;0;0;1;0;0;0;0;0;0;0;0;0;0;0;0;2;0;0;0
333;8;7;2015;1;4;Joanópolis;-22.963288;-46.29116;1141;0;0;0;0;0;8;0;0;1;0;0;0;0;0;0;0;0;0;0;0;0;0;0;0;0;2;0;0;0;0;6;0;4;0;1;0;0;1;1;1;0;0;0;0;0;0;0;0;0;0;0;1;0;0;1;0
333;8;10;2015;1;4;Joanópolis;-22.944482;-46.212013;963;0;0;3;0;1;6;0;0;0;0;0;0;0;1;0;0;0;0;0;0;0;0;0;0;0;1;0;0;0;0;4;0;1;1;0;0;0;0;0;0;1;0;0;0;0;0;0;0;0;0;0;0;0;0;0;1
335;1;1;2015;2;13;Joanópolis;-22.944482;-46.212013;na;0;0;3;0;0;0;0;0;0;0;0;0;0;0;0;0;0;0;0;0;0;0;0;0;0;0;0;0;0;0;1;0;0;2;0;0;0;0;0;1;0;0;0;0;0;0;0;0;0;0;0;0;0;0;0;0
335;1;4;2015;2;13;Joanópolis;-22.944695;-46.211924;950;0;0;0;0;0;0;0;0;0;0;0;0;0;0;0;0;0;0;0;0;0;0;0;0;0;0;0;0;0;0;0;0;0;1;0;0;0;0;0;0;0;0;0;0;0;0;0;0;0;0;0;0;0;0;0;0
335;1;7;2015;2;13;Joanópolis;-22.944862;-46.211749;945;0;0;3;0;0;0;0;0;0;0;0;0;0;0;0;0;0;0;0;0;0;0;0;0;0;1;0;0;1;0;4;0;0;0;0;0;0;0;0;1;0;0;0;0;0;0;0;0;0;0;0;0;0;0;0;0
335;1;10;2015;2;13;Joanópolis;-22.944945;-46.211652;888;0;0;4;0;0;0;0;0;0;0;0;0;0;0;0;0;0;0;0;0;0;0;0;0;0;0;0;0;0;0;0;0;0;2;0;0;0;0;0;0;0;0;0;0;0;0;0;0;0;0;0;0;0;0;0;0
335;2;1;2015;2;13;Joanópolis;-22.964724;-46.209013;884;0;0;1;0;0;0;0;0;0;0;0;0;0;0;0;0;0;0;0;0;0;0;0;0;0;0;0;0;0;0;0;0;0;0;0;0;0;0;0;0;0;0;0;0;0;0;0;0;0;0;0;0;0;0;0;0
335;2;4;2015;2;13;Joanópolis;-22.965238;-46.208806;893;0;0;1;0;0;0;0;0;0;0;0;0;0;0;0;0;0;0;0;0;0;0;0;0;0;0;0;0;0;0;0;0;0;0;0;0;0;0;0;0;0;0;0;0;0;0;0;0;0;0;0;0;0;0;0;0
335;2;7;2015;2;13;Joanópolis;-22.965171;-46.208733;888;0;0;0;0;0;0;0;0;0;0;0;0;0;0;0;0;0;0;0;0;0;0;0;0;0;0;0;0;0;0;0;0;0;0;0;0;0;0;0;0;0;0;0;0;0;0;0;0;0;0;0;0;0;0;0;0
335;2;10;2015;2;13;Joanópolis;-22.965323;-46.208759;952;0;1;0;0;0;0;0;0;0;0;0;0;0;0;0;0;0;0;0;0;0;0;0;0;0;0;0;0;0;0;0;0;0;0;0;0;0;0;0;1;0;0;0;0;0;0;0;0;0;0;0;0;0;0;0;0
335;3;1;2015;2;13;Joanópolis;-22.973224;-46.230536;944;0;0;1;0;0;0;0;0;0;0;0;0;0;0;0;0;0;0;0;0;0;0;0;0;0;0;0;0;1;0;1;0;0;7;1;0;0;0;0;0;0;0;0;0;0;0;1;0;0;0;0;0;0;0;0;0
335;3;4;2015;2;13;Joanópolis;-22.973039;-46.230596;953;0;0;2;0;0;0;0;0;0;0;0;0;0;0;0;0;0;0;0;0;0;0;0;0;0;0;0;0;0;0;0;0;0;6;0;0;0;1;0;1;0;0;0;0;0;0;2;0;0;0;0;0;0;0;0;0
335;3;7;2015;2;13;Joanópolis;-22.972956;-46.230808;961;3;0;4;0;0;0;0;0;0;0;0;0;0;0;0;0;0;0;0;0;0;0;0;0;0;0;0;0;0;0;0;0;0;1;0;0;0;0;0;0;0;0;0;0;0;0;1;0;0;0;0;0;0;0;0;0
335;3;10;2015;2;13;Joanópolis;-22.972889;-46.231096;939;0;0;2;0;0;0;0;0;0;0;0;0;0;0;0;0;0;0;0;0;0;0;0;0;0;0;0;0;0;0;0;0;0;5;0;0;0;0;0;0;0;0;0;0;0;0;3;0;0;0;0;0;0;0;0;0
335;4;1;2015;2;13;Joanópolis;-22.94392;-46.232645;950;0;0;0;0;0;0;0;0;0;0;0;0;0;0;0;0;0;0;0;0;0;0;0;0;0;0;0;0;0;0;1;0;0;3;0;0;0;0;0;0;0;0;0;0;0;0;0;0;0;0;0;0;0;0;0;0
335;4;4;2015;2;13;Joanópolis;-22.944105;-46.232581;942;0;0;1;0;0;0;0;0;0;0;0;0;0;0;0;0;0;0;0;0;0;0;0;0;0;0;0;0;0;0;1;0;0;0;0;0;0;0;0;0;0;0;0;0;0;0;0;0;0;0;0;0;0;0;0;0
335;4;7;2015;2;13;Joanópolis;-22.944085;-46.232841;942;0;0;1;0;0;0;0;0;0;0;0;0;0;0;0;0;0;0;0;0;0;0;0;0;0;0;0;0;0;0;0;0;0;2;0;0;0;0;0;0;0;0;0;0;0;0;0;0;0;0;0;0;1;0;0;0
335;4;10;2015;2;13;Joanópolis;-22.944123;-46.233078;847;0;0;0;0;0;1;0;0;0;0;0;0;0;0;0;0;0;0;0;0;0;0;0;0;0;0;0;0;0;0;0;0;0;1;0;0;0;0;0;0;0;0;0;0;0;0;0;0;0;0;0;0;0;0;0;0
335;5;1;2015;2;14;Joanópolis;-22.969653;-46.224316;854;0;0;2;0;1;0;0;0;0;0;0;0;0;0;0;0;0;2;0;0;0;0;0;0;0;0;0;0;0;0;1;0;0;14;2;0;0;1;0;0;0;0;0;0;0;2;1;0;0;0;0;0;1;0;0;0
335;5;4;2015;2;14;Joanópolis;-22.969662;-46.224451;883;0;0;2;0;0;0;0;0;0;0;0;0;0;0;0;0;0;0;0;0;0;0;0;0;0;0;0;0;0;0;0;0;0;0;2;0;0;0;0;1;2;0;0;2;0;0;1;0;0;0;0;0;1;0;0;0
335;5;7;2015;2;14;Joanópolis;-22.969454;-46.224682;858;0;0;1;0;0;0;0;0;0;0;0;0;0;0;0;0;0;1;0;0;1;0;0;0;0;0;0;0;0;0;1;0;0;0;2;0;0;2;0;0;1;0;0;0;0;0;0;0;0;0;0;0;0;0;0;0
335;5;10;2015;2;14;Joanópolis;-22.969204;-46.224859;964;0;0;1;0;0;0;0;0;0;0;0;0;0;0;0;0;0;1;0;0;0;0;0;0;0;0;0;0;0;0;2;0;0;4;0;0;0;0;0;2;0;0;0;0;0;0;0;0;0;0;0;0;0;0;0;0
335;16;1;2015;2;13;Joanópolis;-22.954137;-46.22326;962;0;0;0;0;0;0;0;0;0;0;0;0;0;0;0;0;0;5;0;0;0;0;0;0;0;1;0;0;1;0;0;1;0;1;0;0;1;0;0;0;0;0;0;0;0;0;1;0;0;0;0;0;0;0;0;0
335;16;4;2015;2;13;Joanópolis;-22.953998;-46.223139;979;0;0;0;0;0;0;0;0;0;0;0;0;0;0;0;0;0;1;0;0;0;0;0;0;0;0;0;0;0;0;1;0;0;3;0;0;0;0;0;1;0;0;0;0;0;0;0;0;0;0;0;0;0;0;0;0
335;16;7;2015;2;13;Joanópolis;-22.953771;-46.223179;971;0;0;1;0;0;0;0;0;0;0;0;0;0;0;0;0;0;0;0;0;0;0;0;0;0;0;0;0;0;0;1;1;0;6;0;0;0;0;0;1;0;0;0;0;0;0;2;0;0;0;1;0;0;0;0;0
335;16;10;2015;2;13;Joanópolis;-22.953527;-46.223201;899;0;0;1;0;0;0;0;0;0;0;0;0;0;0;0;0;0;0;0;0;0;0;0;0;0;0;0;0;0;0;0;0;0;1;0;0;0;0;0;2;0;0;0;0;0;0;2;0;0;0;0;0;0;0;0;0
335;18;1;2015;2;13;Joanópolis;-22.964521;-46.219953;900;0;0;2;0;0;0;0;0;0;0;0;0;0;0;0;0;0;1;0;0;0;0;0;0;0;0;0;0;1;0;1;0;0;4;0;0;0;0;0;0;0;0;0;0;0;0;0;0;0;0;0;0;0;0;0;0
335;18;4;2015;2;13;Joanópolis;-22.964434;-46.220211;902;0;0;4;0;0;0;0;0;0;0;0;0;0;0;0;0;0;0;0;0;0;0;0;0;0;0;0;0;1;0;0;0;0;1;0;0;0;0;0;0;0;0;0;0;0;0;0;0;0;0;0;0;0;0;0;0
335;18;7;2015;2;13;Joanópolis;-22.964295;-46.220452;900;0;0;0;0;0;0;0;0;0;0;0;0;0;0;0;0;0;0;0;0;1;0;0;0;0;0;0;0;0;0;0;0;0;0;0;0;0;0;0;0;0;0;0;0;0;0;0;0;0;0;0;0;0;0;0;0
335;18;10;2015;2;13;Joanópolis;-22.964032;-46.220373;900;0;0;0;0;0;0;0;0;0;0;0;0;0;0;0;0;0;0;0;0;0;0;0;0;0;0;0;0;0;0;0;0;0;2;0;0;0;0;0;0;0;0;0;0;0;0;0;0;0;0;0;0;0;0;0;0
335;20;1;2015;2;14;Joanópolis;-22.946475;-46.223145;895;0;1;0;0;1;0;0;0;0;0;0;0;0;0;0;0;0;0;0;0;0;0;0;0;0;0;0;0;0;0;0;0;1;11;0;0;0;0;0;0;1;0;0;0;0;0;2;0;0;0;0;0;0;0;0;0
335;20;4;2015;2;14;Joanópolis;-22.946374;-46.222961;916;0;0;2;0;0;0;0;0;0;0;0;0;0;0;0;0;0;0;0;0;0;0;0;0;0;0;0;0;0;0;0;0;0;3;0;0;0;1;0;0;0;0;0;0;0;0;2;0;0;0;0;0;0;0;0;0
335;20;7;2015;2;14;Joanópolis;-22.946331;-46.222778;924;0;0;0;0;10;2;0;0;0;0;0;0;0;0;0;0;0;2;0;0;0;0;0;0;0;0;0;0;0;0;0;0;0;4;0;0;1;4;0;0;0;0;0;0;0;0;1;0;0;0;0;0;0;0;0;0
335;20;10;2015;2;14;Joanópolis;-22.946124;-46.222672;1222;0;0;0;0;0;1;0;0;0;0;0;0;0;0;0;0;0;0;0;0;0;0;0;0;0;0;0;0;0;0;0;0;0;7;0;0;0;0;0;0;0;0;0;0;0;0;2;0;0;0;0;0;0;0;0;0
359;1;1;2015;na;na;Joanópolis;-22.914664;-46.165507;977;0;2;0;0;0;0;0;0;0;0;0;0;0;2;0;0;0;0;0;0;0;0;0;0;0;1;0;0;0;0;1;0;0;0;0;0;0;1;0;0;0;0;0;0;0;0;0;0;0;0;0;0;0;0;0;0
359;1;4;2015;na;na;Joanópolis;-22.914813;-46.165435;1210;0;0;2;0;0;0;0;0;0;0;0;0;0;1;0;1;0;0;0;0;0;0;0;0;0;1;0;0;0;0;1;0;0;0;0;0;0;1;0;0;0;0;0;0;0;0;0;0;0;0;0;0;1;0;0;0
359;1;7;2015;na;na;Joanópolis;-22.914981;-46.165116;1210;0;5;0;0;0;0;0;0;0;0;0;0;0;0;0;0;0;0;0;0;0;0;0;0;0;0;0;0;0;0;0;0;0;0;1;0;1;2;0;0;1;0;0;0;0;0;0;0;0;0;0;0;0;0;0;0
359;1;10;2015;na;na;Joanópolis;-22.915117;-46.164846;977;0;0;0;0;1;1;1;0;0;0;0;0;0;0;0;2;0;0;0;0;0;0;0;0;0;0;0;0;0;0;1;0;0;0;0;0;0;0;0;0;1;0;0;0;0;0;0;0;0;0;0;0;0;0;0;0
359;2;1;2015;1;5;Joanópolis;-22.927882;-46.196054;971;0;0;0;0;0;0;0;0;0;0;0;0;0;0;0;0;0;0;1;0;0;0;0;0;0;0;0;2;0;0;1;0;0;0;0;0;0;0;0;0;0;0;0;0;0;0;0;0;0;0;0;0;0;0;0;0
359;2;4;2015;1;5;Joanópolis;-22.927827;-46.196202;970;0;0;1;0;0;2;1;0;0;0;0;0;0;0;0;0;0;0;0;0;0;0;0;0;0;0;0;0;0;0;0;0;0;0;0;0;0;0;0;0;0;0;0;0;0;0;0;0;0;0;0;0;0;0;0;0
359;2;7;2015;1;5;Joanópolis;-22.92818;-46.196224;962;0;0;1;0;0;0;0;0;0;0;0;0;0;0;0;0;0;0;0;0;0;0;0;0;0;0;0;1;0;0;0;0;1;0;0;0;0;0;0;0;0;0;0;0;0;0;0;0;0;0;0;0;0;0;1;0
359;2;10;2015;1;5;Joanópolis;-22.928209;-46.196463;na;0;0;0;0;0;2;0;0;0;0;0;0;0;0;0;0;0;0;0;0;0;0;0;0;0;0;0;2;0;0;1;0;0;0;0;0;0;0;0;0;0;0;0;0;0;0;0;0;0;0;0;0;0;0;0;0
359;3;1;2015;na;na;Joanópolis;-22.917625;-46.163253;1194;0;1;0;0;0;1;0;0;0;0;0;0;0;0;0;0;0;0;0;0;0;0;0;0;0;0;0;1;0;0;1;0;0;0;0;0;0;0;0;0;0;0;0;0;0;0;0;0;0;0;0;0;0;0;0;0
359;3;4;2015;na;na;Joanópolis;-22.917823;-46.163306;1185;0;0;0;0;0;0;0;0;0;0;0;0;0;0;0;0;0;0;1;0;0;0;0;0;0;0;0;0;0;0;3;0;0;0;0;0;0;1;0;0;1;0;0;0;0;0;0;0;0;0;0;0;0;0;0;0
359;3;7;2015;na;na;Joanópolis;-22.918131;-46.163272;1177;0;0;0;0;0;1;0;0;0;0;0;0;0;0;0;0;0;0;0;0;0;0;0;0;0;0;0;0;0;0;0;0;0;0;0;0;0;0;0;0;4;1;0;0;0;0;0;0;0;0;0;0;0;0;0;0
359;3;10;2015;na;na;Joanópolis;-22.9184;-46.163224;1163;0;0;0;0;0;0;0;0;0;0;0;0;0;0;0;0;0;0;2;0;0;0;0;0;0;0;0;0;0;0;0;0;0;0;0;0;0;1;0;0;0;0;0;0;0;0;0;0;0;0;0;0;0;0;0;0
359;4;1;2015;na;na;Joanópolis;-22.927678;-46.174221;1119;0;0;2;0;0;0;0;0;0;0;0;0;0;0;0;0;0;0;1;3;0;0;0;0;0;2;0;0;0;0;2;0;0;0;0;0;0;0;0;0;1;0;0;0;0;0;0;0;0;0;0;0;1;0;0;0
359;4;4;2015;na;na;Joanópolis;-22.927586;-46.174419;1152;0;0;0;0;0;0;0;0;0;0;0;0;0;0;0;0;0;0;0;0;0;0;0;0;0;0;0;0;0;0;0;0;0;0;0;0;0;0;0;0;0;0;0;0;0;0;0;0;0;0;0;0;0;0;0;0
359;4;7;2015;na;na;Joanópolis;-22.927304;-46.174463;1146;0;1;4;0;0;2;0;0;1;1;0;0;0;0;0;0;0;0;0;4;0;0;0;0;0;3;0;0;0;0;6;0;0;2;0;0;0;1;0;0;0;0;0;0;0;0;0;0;0;2;0;0;0;0;0;0
359;4;10;2015;na;na;Joanópolis;-22.927092;-46.174598;1152;0;0;0;0;0;1;0;0;0;0;0;0;0;0;0;0;0;0;0;1;0;0;0;0;0;1;0;0;0;0;1;0;0;0;0;0;0;0;0;0;0;0;0;0;0;0;0;0;0;0;0;0;0;0;0;0
359;13;1;2015;1;5;Joanópolis;-22.900867;-46.182045;939;0;0;0;0;5;2;0;0;0;0;0;0;0;0;0;0;0;0;0;0;0;0;0;0;0;1;0;0;0;0;0;0;0;0;0;0;0;0;0;0;0;0;0;2;0;0;0;0;0;2;0;0;0;0;0;0
359;13;4;2015;1;5;Joanópolis;-22.900838;-46.182208;921;0;0;0;0;5;1;0;0;0;0;0;0;0;0;0;0;0;0;0;0;0;0;0;0;0;1;0;0;0;0;0;0;0;0;0;0;0;0;0;0;1;0;0;0;0;0;0;0;0;0;0;0;0;0;0;0
359;13;7;2015;1;5;Joanópolis;-22.900802;-46.182322;930;0;0;1;0;3;0;0;0;0;0;0;0;0;0;0;0;0;0;0;0;0;0;0;0;0;0;0;0;0;0;0;0;0;0;0;0;0;1;0;0;0;0;0;1;0;0;0;0;0;0;0;0;0;0;0;0
359;13;10;2015;1;5;Joanópolis;-22.900934;-46.182385;930;0;0;0;0;0;1;0;0;0;0;0;0;0;0;0;0;0;0;0;0;0;0;0;0;0;1;0;0;0;0;0;0;0;0;0;0;0;1;0;0;0;0;1;0;0;0;0;0;0;0;0;0;0;0;0;0
359;19;1;2015;na;na;Joanópolis;-22.918119;-46.181076;1049;0;0;3;0;0;6;0;0;0;0;0;0;0;0;0;0;0;0;0;0;0;0;0;0;0;0;0;0;0;0;0;0;0;3;0;0;0;0;0;3;0;0;0;5;1;0;0;0;0;0;0;0;0;0;0;0
359;19;4;2015;na;na;Joanópolis;-22.918134;-46.180871;1031;0;0;1;0;0;3;0;0;1;0;0;0;0;0;0;0;0;0;0;1;0;0;0;0;0;0;0;0;0;0;1;0;0;0;0;0;0;0;0;0;0;0;0;0;0;0;0;0;0;0;0;0;0;0;0;0
359;19;7;2015;na;na;Joanópolis;-22.918152;-46.180554;1034;0;0;2;0;2;8;0;0;1;0;0;0;0;0;0;0;0;0;0;0;0;0;0;0;0;0;0;0;0;0;0;0;0;4;0;0;0;0;0;0;1;0;0;3;0;1;0;0;0;1;0;0;0;0;0;0
359;19;10;2015;na;na;Joanópolis;-22.918065;-46.180209;1030;0;0;0;0;0;5;1;0;0;0;0;0;1;0;0;0;0;0;2;0;0;0;0;0;0;0;0;0;0;0;2;0;0;1;0;0;0;1;0;0;0;0;0;0;0;0;0;0;0;0;0;0;0;0;0;0
359;20;1;2015;na;na;Joanópolis;-22.918173;-46.201879;994;0;0;0;0;1;0;0;0;0;0;0;0;0;0;0;0;0;0;1;0;0;0;0;0;0;0;0;0;0;0;1;0;0;0;0;0;0;0;1;0;0;0;0;0;0;0;0;0;0;0;0;0;0;0;0;0
359;20;4;2015;na;na;Joanópolis;-22.918405;-46.202022;980;0;0;0;0;0;0;0;0;0;0;0;0;0;0;0;0;0;0;0;0;0;0;0;0;0;1;0;0;0;0;1;0;0;0;0;0;1;0;0;0;0;0;0;1;0;0;0;0;0;2;0;0;0;0;0;0
359;20;7;2015;na;na;Joanópolis;-22.918631;-46.202095;972;0;0;2;0;2;1;0;0;0;0;0;0;0;0;0;0;0;0;0;0;0;0;0;0;0;0;0;0;0;0;1;0;0;0;0;0;0;0;0;0;0;0;0;0;0;0;0;0;0;2;0;0;0;0;0;0
359;20;10;2015;na;na;Joanópolis;-22.918789;-46.202206;968;0;0;0;0;0;0;0;0;0;0;0;0;0;1;0;3;0;3;1;0;0;0;0;0;0;4;0;0;0;0;1;0;0;0;0;0;0;0;0;0;0;0;0;0;0;0;0;0;0;6;0;0;0;0;0;0
359;21;1;2015;na;na;Joanópolis;-22.918297;-46.188574;964;0;0;0;0;0;0;0;0;0;0;0;0;0;0;0;0;0;0;0;0;0;0;0;0;0;0;0;0;0;0;0;0;0;0;0;0;0;0;0;0;0;0;0;1;1;0;0;0;0;5;0;3;0;0;0;0
359;21;4;2015;na;na;Joanópolis;-22.918294;-46.188731;975;0;0;0;0;0;1;0;0;0;0;0;0;0;0;0;0;0;0;1;0;0;0;0;0;0;0;0;0;0;0;0;0;0;0;0;0;0;0;0;0;0;0;0;0;2;0;0;0;0;0;0;0;0;0;0;0
359;21;7;2015;na;na;Joanópolis;-22.918343;-46.188765;954;0;0;1;0;0;1;0;0;0;0;0;0;0;0;0;0;0;0;0;0;0;0;0;0;0;0;0;0;0;0;0;0;0;0;0;1;0;1;0;0;0;0;0;1;2;0;0;0;0;0;0;0;0;0;0;0
359;21;10;2015;na;na;Joanópolis;-22.918493;-46.188938;953;0;0;0;0;0;1;0;0;0;0;0;0;0;0;0;0;0;0;0;0;0;0;0;0;0;0;0;0;0;0;1;0;0;0;0;0;0;2;0;0;0;0;0;0;2;0;0;0;0;2;0;12;0;0;0;0
399;0;1;2015;na;na;Vargem;-22.858791;-46.415787;998;0;0;1;0;1;0;0;0;0;0;0;0;0;0;0;0;2;0;0;0;0;0;0;0;0;0;0;1;0;0;2;0;0;0;0;0;0;0;0;7;0;0;0;0;0;0;0;1;0;0;0;0;0;0;0;0
399;0;4;2015;na;na;Vargem;-22.858741;-46.41597;945;0;0;0;0;0;0;0;0;0;0;2;0;0;0;0;0;1;0;0;0;0;0;0;0;0;0;0;1;0;0;1;0;0;0;0;0;0;3;0;2;0;0;2;0;0;0;0;0;0;0;0;0;0;0;0;0
399;0;7;2015;na;na;Vargem;-22.858611;-46.416175;932;1;0;1;0;1;0;0;0;0;0;7;0;0;0;0;0;0;0;0;3;0;0;0;1;0;0;0;1;0;0;0;0;0;0;0;0;0;5;0;4;4;1;0;0;0;0;0;0;0;0;0;0;0;0;0;0
399;0;7;2015;na;na;Vargem;-22.858611;-46.416175;932;0;0;0;0;0;1;0;0;0;0;0;0;0;0;0;1;1;0;0;0;0;0;0;0;1;0;0;0;0;0;2;0;1;0;0;0;0;0;0;0;0;0;0;0;0;0;0;6;0;0;0;0;0;0;0;0
399;0;10;2015;na;na;Vargem;-22.858329;-46.41623;924;0;0;1;0;16;0;0;0;0;0;1;0;0;0;0;0;1;0;0;0;0;0;0;0;0;0;0;0;0;0;0;0;0;0;0;0;0;1;0;3;0;0;0;0;0;0;0;1;0;0;0;0;0;0;0;0
399;1;1;2015;1;5;Vargem;-22.862358;-46.418135;944;0;0;0;0;0;1;0;0;0;0;0;0;0;0;0;1;0;0;0;0;0;0;0;0;0;0;0;0;0;0;0;0;0;0;0;0;0;1;0;1;0;0;0;0;0;0;0;0;0;0;0;0;0;0;0;0
399;1;4;2015;1;5;Vargem;-22.862271;-46.41815;940;0;0;0;0;0;1;0;0;0;0;0;0;0;0;0;2;0;0;0;0;0;0;0;0;0;0;0;0;0;0;0;0;0;0;1;0;0;0;0;0;0;0;0;0;0;0;0;0;0;0;0;0;0;0;0;0
399;1;7;2015;1;5;Vargem;-22.862205;-46.418411;926;0;0;0;0;0;5;0;0;0;0;0;0;0;0;0;0;0;0;0;0;0;0;0;0;0;0;0;0;0;0;1;0;0;0;0;0;0;1;0;0;0;0;0;0;0;0;0;0;0;0;0;0;0;0;0;0
399;1;10;2015;1;5;Vargem;-22.8622;-46.418707;na;0;0;0;0;3;2;0;0;0;0;0;0;0;0;0;2;0;0;0;1;0;0;0;0;0;1;0;3;0;0;1;0;0;0;0;0;0;4;0;0;0;0;0;0;0;0;0;0;0;0;0;0;0;0;0;0
399;7;1;2015;1;5;Vargem;-22.855678;-46.424592;914;0;0;2;0;0;0;0;0;0;0;0;0;0;0;0;0;0;0;3;0;0;0;0;0;0;8;0;0;0;0;0;0;0;0;1;0;0;0;2;7;0;0;0;0;0;0;0;0;0;0;0;0;0;0;0;0
399;7;4;2015;1;5;Vargem;-22.855635;-46.424866;869;0;0;0;0;0;0;0;0;0;0;0;0;0;0;0;0;0;0;0;0;1;0;0;0;0;2;0;0;0;0;0;0;0;0;0;0;1;0;0;5;0;0;0;0;0;0;0;0;0;0;0;0;0;0;1;0
399;7;7;2015;1;5;Vargem;-22.855454;-46.424948;862;1;0;2;0;0;0;0;0;0;0;1;0;0;0;0;0;2;1;0;0;0;0;0;0;0;2;0;0;0;0;1;0;0;0;0;0;5;1;0;6;0;0;0;0;0;0;0;0;0;0;0;0;0;0;0;0
399;7;10;2015;1;5;Vargem;-22.855205;-46.425018;883;1;0;0;0;0;0;0;0;0;0;0;0;0;0;0;0;1;0;0;0;0;0;0;0;0;1;0;0;0;0;1;0;0;0;0;0;0;0;1;0;0;0;0;0;0;0;0;0;0;0;0;0;0;0;0;0
399;8;1;2015;na;na;Vargem;-22.855493;-46.405014;875;0;0;19;0;2;0;0;0;0;0;13;0;0;0;0;1;0;0;4;0;0;0;0;0;0;0;0;0;0;0;3;0;2;1;1;0;0;2;0;3;1;0;0;3;0;0;0;1;0;1;0;0;0;0;0;0
399;8;4;2015;na;na;Vargem;-22.855509;-46.405171;1111;8;0;28;0;2;0;0;0;0;0;17;0;0;0;0;1;0;0;0;1;0;0;0;0;0;0;0;0;0;0;2;0;0;1;3;0;1;1;0;3;0;0;2;1;0;0;0;1;0;0;0;0;0;0;0;0
399;8;7;2015;na;na;Vargem;-22.855594;-46.405194;1095;0;0;17;0;1;1;0;0;0;0;37;0;0;0;0;4;0;0;0;4;0;0;0;0;0;0;0;0;0;0;0;0;0;0;1;0;0;2;0;5;2;0;0;3;0;0;0;3;0;0;0;0;2;0;0;0
399;9;1;2015;1;5;Vargem;-22.855531;-46.430553;850;1;0;0;0;0;0;0;0;0;0;0;0;0;0;0;0;1;0;0;0;0;0;0;0;0;2;0;0;0;0;4;0;0;0;1;0;2;0;0;2;0;0;0;0;0;0;0;0;0;0;0;0;0;0;0;0
399;9;4;2015;1;5;Vargem;-22.85569;-46.430171;858;1;0;1;0;0;0;0;0;0;0;0;0;0;0;0;1;1;1;0;0;0;0;0;0;0;1;0;0;0;0;1;0;0;0;0;0;1;0;2;4;0;0;0;0;0;0;0;0;0;1;0;0;0;0;0;0
399;9;7;2015;1;5;Vargem;-22.855467;-46.430079;859;0;0;1;0;0;0;0;0;0;0;0;0;0;0;0;1;0;1;0;0;0;0;0;0;0;1;0;0;0;0;0;0;0;0;0;0;0;0;0;0;0;0;0;0;0;0;0;0;0;0;0;0;0;0;0;0
399;9;10;2015;1;5;Vargem;-22.855255;-46.429866;854;0;0;1;0;0;0;0;0;0;0;0;0;0;0;0;1;0;1;1;0;0;0;0;0;0;2;0;0;0;0;5;0;0;2;1;0;0;0;1;7;0;0;0;0;0;0;0;1;0;1;0;0;0;0;0;0
399;11;1;2015;na;na;Vargem;-22.831657;-46.404741;1061;0;0;0;0;0;0;0;0;0;0;0;0;0;0;0;0;0;0;0;0;0;0;0;0;0;0;0;0;0;0;0;0;0;0;0;0;0;0;0;0;0;0;0;0;0;0;0;0;0;0;0;0;0;0;0;0
399;11;4;2015;na;na;Vargem;-22.831599;-46.404791;1054;0;0;0;0;0;1;0;0;0;0;0;0;0;0;0;0;0;0;0;0;0;0;0;0;0;0;0;1;0;0;0;0;0;0;0;0;0;0;0;0;0;0;0;0;0;0;0;0;0;0;0;0;0;0;0;0
399;11;7;2015;na;na;Vargem;-22.831407;-46.404825;1045;0;0;0;0;0;0;0;0;0;0;0;0;0;0;0;0;0;0;0;0;0;0;0;0;0;0;0;0;0;0;0;0;0;0;0;0;0;1;0;0;0;0;0;0;0;0;0;0;0;0;0;0;0;0;0;0
399;11;10;2015;na;na;Vargem;-22.831242;-46.404945;1030;0;0;0;0;0;1;0;0;0;0;0;0;0;0;0;0;0;0;1;0;0;0;0;0;0;0;0;0;0;0;0;0;0;0;0;0;0;0;0;0;0;0;0;0;0;0;0;0;0;0;0;0;0;0;0;0
399;14;1;2015;1;5;Vargem;-22.831173;-46.404997;1023;0;0;7;0;0;3;0;0;0;0;0;0;0;0;0;0;0;0;0;0;0;0;0;0;0;0;0;0;0;0;0;0;0;0;0;0;0;0;0;0;0;0;0;0;0;0;0;0;0;0;0;0;0;0;0;0
399;14;4;2015;1;5;Vargem;-22.852293;-46.414116;917;0;0;0;0;1;0;0;0;0;0;0;0;0;0;0;0;0;0;0;0;0;0;0;0;0;1;0;0;0;0;0;0;0;0;0;0;0;0;0;0;0;0;0;0;0;0;0;0;0;0;0;0;0;0;0;0
399;14;7;2015;1;5;Vargem;-22.852378;-46.414043;923;0;0;2;0;0;1;0;0;0;0;0;0;0;0;0;0;0;0;0;0;0;0;0;0;0;0;0;0;0;0;0;0;0;0;0;0;0;0;0;0;0;0;0;0;0;0;0;0;0;0;0;0;0;0;0;0
399;14;10;2015;1;5;Vargem;-22.852698;-46.41407;924;0;0;1;0;1;3;0;0;0;0;0;0;0;0;0;0;0;0;0;0;0;0;0;0;0;0;0;0;0;0;0;0;0;0;0;0;0;0;0;0;0;0;0;0;0;0;0;0;0;0;0;0;0;0;0;0
399;18;4;2015;na;na;Vargem;-22.845276;-46.416676;966;1;1;3;0;16;1;0;0;0;0;3;0;0;0;0;0;1;0;0;0;0;0;0;0;0;0;0;4;0;0;4;0;6;0;0;0;0;11;0;4;0;0;0;0;0;0;0;0;0;0;0;0;0;0;0;0
399;18;7;2015;na;na;Vargem;-22.845067;-46.416678;970;0;0;0;0;7;0;0;0;0;0;0;0;0;0;0;0;0;0;0;1;0;0;0;0;0;0;0;0;0;0;0;0;1;0;0;0;0;16;0;0;0;0;0;0;1;0;0;0;0;0;0;0;0;0;0;0
399;18;10;2015;na;na;Vargem;-22.844871;-46.416797;982;0;0;1;0;12;1;0;0;1;0;6;0;0;0;0;0;0;0;0;0;0;0;0;0;0;0;0;1;0;0;0;0;4;0;0;0;2;13;0;2;0;0;0;0;0;0;0;0;0;0;0;0;0;0;0;0